"","date","FCHI.Close"
"1","2010-01-04",4013.969971
"2","2010-01-05",4012.909912
"3","2010-01-06",4017.669922
"4","2010-01-07",4024.800049
"5","2010-01-08",4045.139893
"6","2010-01-11",4043.090088
"7","2010-01-12",4000.050049
"8","2010-01-13",4000.860107
"9","2010-01-14",4015.77002
"10","2010-01-15",3954.379883
"11","2010-01-18",3977.459961
"12","2010-01-19",4009.669922
"13","2010-01-20",3928.949951
"14","2010-01-21",3862.159912
"15","2010-01-22",3820.780029
"16","2010-01-25",3781.850098
"17","2010-01-26",3807.040039
"18","2010-01-27",3759.800049
"19","2010-01-28",3688.790039
"20","2010-01-29",3739.459961
"21","2010-02-01",3762.01001
"22","2010-02-02",3812.129883
"23","2010-02-03",3793.469971
"24","2010-02-04",3689.25
"25","2010-02-05",3563.76001
"26","2010-02-08",3607.27002
"27","2010-02-09",3612.76001
"28","2010-02-10",3635.610107
"29","2010-02-11",3616.75
"30","2010-02-12",3599.070068
"31","2010-02-15",3609.219971
"32","2010-02-16",3669.040039
"33","2010-02-17",3725.209961
"34","2010-02-18",3747.830078
"35","2010-02-19",3769.540039
"36","2010-02-22",3756.699951
"37","2010-02-23",3707.060059
"38","2010-02-24",3715.679932
"39","2010-02-25",3640.77002
"40","2010-02-26",3708.800049
"41","2010-03-01",3769.540039
"42","2010-03-02",3811.919922
"43","2010-03-03",3842.52002
"44","2010-03-04",3828.409912
"45","2010-03-05",3910.419922
"46","2010-03-08",3903.540039
"47","2010-03-09",3910.01001
"48","2010-03-10",3943.550049
"49","2010-03-11",3928.949951
"50","2010-03-12",3927.399902
"51","2010-03-15",3890.909912
"52","2010-03-16",3938.949951
"53","2010-03-17",3957.889893
"54","2010-03-18",3938.179932
"55","2010-03-19",3925.439941
"56","2010-03-22",3928
"57","2010-03-23",3952.550049
"58","2010-03-24",3949.810059
"59","2010-03-25",4000.47998
"60","2010-03-26",3988.929932
"61","2010-03-29",4000.659912
"62","2010-03-30",3987.409912
"63","2010-03-31",3974.01001
"64","2010-04-01",4034.22998
"65","2010-04-06",4053.939941
"66","2010-04-07",4026.969971
"67","2010-04-08",3978.459961
"68","2010-04-09",4050.540039
"69","2010-04-12",4050.5
"70","2010-04-13",4031.98999
"71","2010-04-14",4057.699951
"72","2010-04-15",4065.649902
"73","2010-04-16",3986.629883
"74","2010-04-19",3970.469971
"75","2010-04-20",4026.649902
"76","2010-04-21",3977.669922
"77","2010-04-22",3924.649902
"78","2010-04-23",3951.300049
"79","2010-04-26",3997.389893
"80","2010-04-27",3844.600098
"81","2010-04-28",3787
"82","2010-04-29",3840.620117
"83","2010-04-30",3816.98999
"84","2010-05-03",3828.459961
"85","2010-05-04",3689.290039
"86","2010-05-05",3636.030029
"87","2010-05-06",3556.110107
"88","2010-05-07",3392.590088
"89","2010-05-10",3720.290039
"90","2010-05-11",3693.199951
"91","2010-05-12",3733.870117
"92","2010-05-13",3731.540039
"93","2010-05-14",3560.360107
"94","2010-05-17",3543.550049
"95","2010-05-18",3617.320068
"96","2010-05-19",3511.669922
"97","2010-05-20",3432.52002
"98","2010-05-21",3430.73999
"99","2010-05-24",3430.929932
"100","2010-05-25",3331.290039
"101","2010-05-26",3408.590088
"102","2010-05-27",3525.310059
"103","2010-05-28",3515.060059
"104","2010-05-31",3507.560059
"105","2010-06-01",3503.080078
"106","2010-06-02",3501.5
"107","2010-06-03",3557.340088
"108","2010-06-04",3455.610107
"109","2010-06-07",3413.719971
"110","2010-06-08",3380.360107
"111","2010-06-09",3446.77002
"112","2010-06-10",3516.639893
"113","2010-06-11",3555.52002
"114","2010-06-14",3626.040039
"115","2010-06-15",3661.51001
"116","2010-06-16",3675.929932
"117","2010-06-17",3683.080078
"118","2010-06-18",3687.209961
"119","2010-06-21",3736.149902
"120","2010-06-22",3705.320068
"121","2010-06-23",3641.790039
"122","2010-06-24",3555.360107
"123","2010-06-25",3519.72998
"124","2010-06-28",3576.449951
"125","2010-06-29",3432.98999
"126","2010-06-30",3442.889893
"127","2010-07-01",3339.899902
"128","2010-07-02",3348.370117
"129","2010-07-05",3332.459961
"130","2010-07-06",3423.360107
"131","2010-07-07",3483.439941
"132","2010-07-08",3538.25
"133","2010-07-09",3554.47998
"134","2010-07-12",3567.659912
"135","2010-07-13",3637.76001
"136","2010-07-14",3632.97998
"137","2010-07-15",3581.820068
"138","2010-07-16",3500.159912
"139","2010-07-19",3486.330078
"140","2010-07-20",3468.02002
"141","2010-07-21",3493.919922
"142","2010-07-22",3600.570068
"143","2010-07-23",3607.050049
"144","2010-07-26",3636.179932
"145","2010-07-27",3666.399902
"146","2010-07-28",3670.360107
"147","2010-07-29",3651.909912
"148","2010-07-30",3643.139893
"149","2010-08-02",3752.030029
"150","2010-08-03",3747.51001
"151","2010-08-04",3760.719971
"152","2010-08-05",3764.189941
"153","2010-08-06",3716.050049
"154","2010-08-09",3777.370117
"155","2010-08-10",3730.580078
"156","2010-08-11",3628.290039
"157","2010-08-12",3621.070068
"158","2010-08-13",3610.909912
"159","2010-08-16",3597.600098
"160","2010-08-17",3663.129883
"161","2010-08-18",3647.929932
"162","2010-08-19",3572.399902
"163","2010-08-20",3526.120117
"164","2010-08-23",3553.22998
"165","2010-08-24",3491.110107
"166","2010-08-25",3450.189941
"167","2010-08-26",3475.030029
"168","2010-08-27",3507.439941
"169","2010-08-30",3487.01001
"170","2010-08-31",3490.790039
"171","2010-09-01",3623.840088
"172","2010-09-02",3631.429932
"173","2010-09-03",3672.199951
"174","2010-09-06",3684.72998
"175","2010-09-07",3643.810059
"176","2010-09-08",3677.209961
"177","2010-09-09",3722.149902
"178","2010-09-10",3725.820068
"179","2010-09-13",3767.149902
"180","2010-09-14",3774.399902
"181","2010-09-15",3755.639893
"182","2010-09-16",3736.300049
"183","2010-09-17",3722.02002
"184","2010-09-20",3788.01001
"185","2010-09-21",3784.399902
"186","2010-09-22",3735.050049
"187","2010-09-23",3710.610107
"188","2010-09-24",3782.47998
"189","2010-09-27",3766.159912
"190","2010-09-28",3762.350098
"191","2010-09-29",3737.120117
"192","2010-09-30",3715.179932
"193","2010-10-01",3692.090088
"194","2010-10-04",3649.810059
"195","2010-10-05",3731.929932
"196","2010-10-06",3764.909912
"197","2010-10-07",3770.469971
"198","2010-10-08",3763.179932
"199","2010-10-11",3768.48999
"200","2010-10-12",3748.860107
"201","2010-10-13",3828.340088
"202","2010-10-14",3819.169922
"203","2010-10-15",3827.370117
"204","2010-10-18",3834.5
"205","2010-10-19",3807.169922
"206","2010-10-20",3828.149902
"207","2010-10-21",3878.27002
"208","2010-10-22",3868.540039
"209","2010-10-25",3870
"210","2010-10-26",3852.659912
"211","2010-10-27",3815.77002
"212","2010-10-28",3834.840088
"213","2010-10-29",3833.5
"214","2010-11-01",3841.110107
"215","2010-11-02",3865.719971
"216","2010-11-03",3842.939941
"217","2010-11-04",3916.780029
"218","2010-11-05",3916.72998
"219","2010-11-08",3913.699951
"220","2010-11-09",3945.709961
"221","2010-11-10",3888.449951
"222","2010-11-11",3867.350098
"223","2010-11-12",3831.120117
"224","2010-11-15",3864.23999
"225","2010-11-16",3762.469971
"226","2010-11-17",3792.350098
"227","2010-11-18",3867.969971
"228","2010-11-19",3860.159912
"229","2010-11-22",3818.889893
"230","2010-11-23",3724.419922
"231","2010-11-24",3747.610107
"232","2010-11-25",3760.419922
"233","2010-11-26",3728.649902
"234","2010-11-29",3636.959961
"235","2010-11-30",3610.439941
"236","2010-12-01",3669.290039
"237","2010-12-02",3747.040039
"238","2010-12-03",3750.550049
"239","2010-12-06",3749.22998
"240","2010-12-07",3810.5
"241","2010-12-08",3831.97998
"242","2010-12-09",3858.050049
"243","2010-12-10",3857.350098
"244","2010-12-13",3892.439941
"245","2010-12-14",3902.870117
"246","2010-12-15",3880.189941
"247","2010-12-16",3888.360107
"248","2010-12-17",3867.350098
"249","2010-12-20",3885.080078
"250","2010-12-21",3927.48999
"251","2010-12-22",3919.709961
"252","2010-12-23",3911.320068
"253","2010-12-27",3862.189941
"254","2010-12-28",3858.719971
"255","2010-12-29",3890.649902
"256","2010-12-30",3850.76001
"257","2011-01-03",3900.860107
"258","2011-01-04",3916.030029
"259","2011-01-05",3904.610107
"260","2011-01-06",3904.419922
"261","2011-01-07",3865.580078
"262","2011-01-10",3802.030029
"263","2011-01-11",3861.919922
"264","2011-01-12",3945.070068
"265","2011-01-13",3974.830078
"266","2011-01-14",3983.280029
"267","2011-01-17",3975.409912
"268","2011-01-18",4012.679932
"269","2011-01-19",3976.709961
"270","2011-01-20",3964.840088
"271","2011-01-21",4017.449951
"272","2011-01-24",4033.209961
"273","2011-01-25",4019.620117
"274","2011-01-26",4049.070068
"275","2011-01-27",4059.570068
"276","2011-01-28",4002.320068
"277","2011-01-31",4005.5
"278","2011-02-01",4072.620117
"279","2011-02-02",4066.530029
"280","2011-02-03",4036.590088
"281","2011-02-04",4047.209961
"282","2011-02-07",4090.800049
"283","2011-02-08",4108.27002
"284","2011-02-09",4090.73999
"285","2011-02-10",4095.139893
"286","2011-02-11",4101.310059
"287","2011-02-14",4096.620117
"288","2011-02-15",4110.339844
"289","2011-02-16",4151.259766
"290","2011-02-17",4152.310059
"291","2011-02-18",4157.140137
"292","2011-02-21",4097.410156
"293","2011-02-22",4050.27002
"294","2011-02-23",4013.120117
"295","2011-02-24",4009.639893
"296","2011-02-25",4070.379883
"297","2011-02-28",4110.350098
"298","2011-03-01",4067.149902
"299","2011-03-02",4034.320068
"300","2011-03-03",4060.76001
"301","2011-03-04",4020.209961
"302","2011-03-07",3990.409912
"303","2011-03-08",4015.909912
"304","2011-03-09",3993.810059
"305","2011-03-10",3963.98999
"306","2011-03-11",3928.679932
"307","2011-03-14",3878.040039
"308","2011-03-15",3780.850098
"309","2011-03-16",3696.560059
"310","2011-03-17",3786.209961
"311","2011-03-18",3810.219971
"312","2011-03-21",3904.449951
"313","2011-03-22",3892.709961
"314","2011-03-23",3913.72998
"315","2011-03-24",3968.840088
"316","2011-03-25",3972.379883
"317","2011-03-28",3976.949951
"318","2011-03-29",3987.800049
"319","2011-03-30",4024.439941
"320","2011-03-31",3989.179932
"321","2011-04-01",4054.76001
"322","2011-04-04",4042.919922
"323","2011-04-05",4041.73999
"324","2011-04-06",4048.159912
"325","2011-04-07",4028.300049
"326","2011-04-08",4061.909912
"327","2011-04-11",4038.699951
"328","2011-04-12",3976.600098
"329","2011-04-13",4006.22998
"330","2011-04-14",3970.389893
"331","2011-04-15",3974.47998
"332","2011-04-18",3881.23999
"333","2011-04-19",3908.580078
"334","2011-04-20",4004.620117
"335","2011-04-21",4021.879883
"336","2011-04-26",4045.290039
"337","2011-04-27",4067.719971
"338","2011-04-28",4104.899902
"339","2011-04-29",4106.919922
"340","2011-05-02",4108.77002
"341","2011-05-03",4096.839844
"342","2011-05-04",4043.129883
"343","2011-05-05",4004.870117
"344","2011-05-06",4058.01001
"345","2011-05-09",4007.26001
"346","2011-05-10",4052.51001
"347","2011-05-11",4058.080078
"348","2011-05-12",4023.290039
"349","2011-05-13",4018.850098
"350","2011-05-16",3989.820068
"351","2011-05-17",3941.580078
"352","2011-05-18",3978
"353","2011-05-19",4027.73999
"354","2011-05-20",3990.850098
"355","2011-05-23",3906.97998
"356","2011-05-24",3916.879883
"357","2011-05-25",3928.98999
"358","2011-05-26",3917.219971
"359","2011-05-27",3950.97998
"360","2011-05-30",3942.530029
"361","2011-05-31",4006.939941
"362","2011-06-01",3964.810059
"363","2011-06-02",3889.870117
"364","2011-06-03",3890.679932
"365","2011-06-06",3863.399902
"366","2011-06-07",3871.919922
"367","2011-06-08",3837.97998
"368","2011-06-09",3878.649902
"369","2011-06-10",3805.090088
"370","2011-06-13",3807.610107
"371","2011-06-14",3864.580078
"372","2011-06-15",3806.850098
"373","2011-06-16",3792.310059
"374","2011-06-17",3823.73999
"375","2011-06-20",3799.659912
"376","2011-06-21",3877.070068
"377","2011-06-22",3871.370117
"378","2011-06-23",3787.790039
"379","2011-06-24",3784.800049
"380","2011-06-27",3796.550049
"381","2011-06-28",3851.889893
"382","2011-06-29",3924.22998
"383","2011-06-30",3982.209961
"384","2011-07-01",4007.350098
"385","2011-07-04",4003.110107
"386","2011-07-05",3978.830078
"387","2011-07-06",3961.340088
"388","2011-07-07",3979.959961
"389","2011-07-08",3913.550049
"390","2011-07-11",3807.51001
"391","2011-07-12",3774.120117
"392","2011-07-13",3793.27002
"393","2011-07-14",3751.22998
"394","2011-07-15",3726.590088
"395","2011-07-18",3650.709961
"396","2011-07-19",3694.949951
"397","2011-07-20",3754.600098
"398","2011-07-21",3816.75
"399","2011-07-22",3842.699951
"400","2011-07-25",3812.969971
"401","2011-07-26",3787.879883
"402","2011-07-27",3734.070068
"403","2011-07-28",3712.659912
"404","2011-07-29",3672.77002
"405","2011-08-01",3588.050049
"406","2011-08-02",3522.790039
"407","2011-08-03",3454.939941
"408","2011-08-04",3320.350098
"409","2011-08-05",3278.560059
"410","2011-08-08",3125.189941
"411","2011-08-09",3176.189941
"412","2011-08-10",3002.98999
"413","2011-08-11",3089.659912
"414","2011-08-12",3213.879883
"415","2011-08-15",3239.060059
"416","2011-08-16",3230.899902
"417","2011-08-17",3254.340088
"418","2011-08-18",3076.040039
"419","2011-08-19",3016.98999
"420","2011-08-22",3051.360107
"421","2011-08-23",3084.370117
"422","2011-08-24",3139.550049
"423","2011-08-25",3119
"424","2011-08-26",3087.639893
"425","2011-08-29",3154.199951
"426","2011-08-30",3159.73999
"427","2011-08-31",3256.76001
"428","2011-09-01",3265.830078
"429","2011-09-02",3148.530029
"430","2011-09-05",2999.540039
"431","2011-09-06",2965.639893
"432","2011-09-07",3073.179932
"433","2011-09-08",3085.830078
"434","2011-09-09",2974.590088
"435","2011-09-12",2854.810059
"436","2011-09-13",2894.929932
"437","2011-09-14",2949.139893
"438","2011-09-15",3045.620117
"439","2011-09-16",3031.080078
"440","2011-09-19",2940
"441","2011-09-20",2984.050049
"442","2011-09-21",2935.820068
"443","2011-09-22",2781.679932
"444","2011-09-23",2810.110107
"445","2011-09-26",2859.340088
"446","2011-09-27",3023.379883
"447","2011-09-28",2995.620117
"448","2011-09-29",3027.649902
"449","2011-09-30",2981.959961
"450","2011-10-03",2926.830078
"451","2011-10-04",2850.550049
"452","2011-10-05",2973.899902
"453","2011-10-06",3075.370117
"454","2011-10-07",3095.560059
"455","2011-10-10",3161.469971
"456","2011-10-11",3153.52002
"457","2011-10-12",3229.76001
"458","2011-10-13",3186.939941
"459","2011-10-14",3217.889893
"460","2011-10-17",3166.060059
"461","2011-10-18",3141.100098
"462","2011-10-19",3157.340088
"463","2011-10-20",3084.070068
"464","2011-10-21",3171.340088
"465","2011-10-24",3220.459961
"466","2011-10-25",3174.290039
"467","2011-10-26",3169.620117
"468","2011-10-27",3368.620117
"469","2011-10-28",3348.629883
"470","2011-10-31",3242.840088
"471","2011-11-01",3068.330078
"472","2011-11-02",3110.590088
"473","2011-11-03",3195.469971
"474","2011-11-04",3123.550049
"475","2011-11-07",3103.600098
"476","2011-11-08",3143.300049
"477","2011-11-09",3075.159912
"478","2011-11-10",3064.840088
"479","2011-11-11",3149.379883
"480","2011-11-14",3108.949951
"481","2011-11-15",3049.129883
"482","2011-11-16",3064.899902
"483","2011-11-17",3010.290039
"484","2011-11-18",2997.01001
"485","2011-11-21",2894.939941
"486","2011-11-22",2870.679932
"487","2011-11-23",2822.429932
"488","2011-11-24",2822.25
"489","2011-11-25",2856.969971
"490","2011-11-28",3012.929932
"491","2011-11-29",3026.76001
"492","2011-11-30",3154.620117
"493","2011-12-01",3129.949951
"494","2011-12-02",3164.949951
"495","2011-12-05",3201.280029
"496","2011-12-06",3179.629883
"497","2011-12-07",3175.97998
"498","2011-12-08",3095.48999
"499","2011-12-09",3172.350098
"500","2011-12-12",3089.590088
"501","2011-12-13",3078.719971
"502","2011-12-14",2976.169922
"503","2011-12-15",2998.72998
"504","2011-12-16",2972.300049
"505","2011-12-19",2974.199951
"506","2011-12-20",3055.389893
"507","2011-12-21",3030.469971
"508","2011-12-22",3071.800049
"509","2011-12-23",3102.090088
"510","2011-12-27",3103.110107
"511","2011-12-28",3071.080078
"512","2011-12-29",3127.560059
"513","2011-12-30",3159.810059
"514","2012-01-02",NA
"515","2012-01-03",3245.399902
"516","2012-01-04",3193.649902
"517","2012-01-05",3144.909912
"518","2012-01-06",3137.360107
"519","2012-01-09",3127.689941
"520","2012-01-10",3210.790039
"521","2012-01-11",3204.830078
"522","2012-01-12",3199.97998
"523","2012-01-13",3196.48999
"524","2012-01-16",3225
"525","2012-01-17",3269.98999
"526","2012-01-18",3264.929932
"527","2012-01-19",3328.939941
"528","2012-01-20",3321.5
"529","2012-01-23",3338.419922
"530","2012-01-24",3322.649902
"531","2012-01-25",3312.47998
"532","2012-01-26",3363.22998
"533","2012-01-27",3318.76001
"534","2012-01-30",3265.639893
"535","2012-01-31",3298.550049
"536","2012-02-01",3367.459961
"537","2012-02-02",3376.659912
"538","2012-02-03",3427.919922
"539","2012-02-06",3405.27002
"540","2012-02-07",3411.540039
"541","2012-02-08",3410
"542","2012-02-09",3424.709961
"543","2012-02-10",3373.139893
"544","2012-02-13",3384.550049
"545","2012-02-14",3375.639893
"546","2012-02-15",3390.350098
"547","2012-02-16",3393.25
"548","2012-02-17",3439.620117
"549","2012-02-20",3472.540039
"550","2012-02-21",3465.23999
"551","2012-02-22",3447.370117
"552","2012-02-23",3447.310059
"553","2012-02-24",3467.030029
"554","2012-02-27",3441.449951
"555","2012-02-28",3453.98999
"556","2012-02-29",3452.449951
"557","2012-03-01",3499.72998
"558","2012-03-02",3501.169922
"559","2012-03-05",3487.540039
"560","2012-03-06",3362.560059
"561","2012-03-07",3392.330078
"562","2012-03-08",3478.360107
"563","2012-03-09",3487.47998
"564","2012-03-12",3490.060059
"565","2012-03-13",3550.159912
"566","2012-03-14",3564.51001
"567","2012-03-15",3580.209961
"568","2012-03-16",3594.830078
"569","2012-03-19",3577.879883
"570","2012-03-20",3530.830078
"571","2012-03-21",3527.370117
"572","2012-03-22",3472.459961
"573","2012-03-23",3476.179932
"574","2012-03-26",3501.97998
"575","2012-03-27",3469.590088
"576","2012-03-28",3430.149902
"577","2012-03-29",3381.120117
"578","2012-03-30",3423.810059
"579","2012-04-02",3462.909912
"580","2012-04-03",3406.780029
"581","2012-04-04",3313.469971
"582","2012-04-05",3319.810059
"583","2012-04-10",3217.600098
"584","2012-04-11",3237.689941
"585","2012-04-12",3269.790039
"586","2012-04-13",3189.090088
"587","2012-04-16",3205.280029
"588","2012-04-17",3292.51001
"589","2012-04-18",3240.290039
"590","2012-04-19",3174.02002
"591","2012-04-20",3188.580078
"592","2012-04-23",3098.370117
"593","2012-04-24",3169.320068
"594","2012-04-25",3233.459961
"595","2012-04-26",3229.320068
"596","2012-04-27",3266.27002
"597","2012-04-30",3212.800049
"598","2012-05-02",3226.330078
"599","2012-05-03",3223.360107
"600","2012-05-04",3161.969971
"601","2012-05-07",3214.219971
"602","2012-05-08",3124.800049
"603","2012-05-09",3118.649902
"604","2012-05-10",3130.169922
"605","2012-05-11",3129.77002
"606","2012-05-14",3057.98999
"607","2012-05-15",3039.27002
"608","2012-05-16",3048.669922
"609","2012-05-17",3011.98999
"610","2012-05-18",3008
"611","2012-05-21",3027.149902
"612","2012-05-22",3084.090088
"613","2012-05-23",3003.27002
"614","2012-05-24",3038.25
"615","2012-05-25",3047.939941
"616","2012-05-28",3042.969971
"617","2012-05-29",3084.699951
"618","2012-05-30",3015.580078
"619","2012-05-31",3017.01001
"620","2012-06-01",2950.469971
"621","2012-06-04",2954.48999
"622","2012-06-05",2986.100098
"623","2012-06-06",3058.439941
"624","2012-06-07",3071.159912
"625","2012-06-08",3051.689941
"626","2012-06-11",3042.76001
"627","2012-06-12",3046.909912
"628","2012-06-13",3030.040039
"629","2012-06-14",3032.449951
"630","2012-06-15",3087.620117
"631","2012-06-18",3066.189941
"632","2012-06-19",3117.919922
"633","2012-06-20",3126.52002
"634","2012-06-21",3114.219971
"635","2012-06-22",3090.899902
"636","2012-06-25",3021.639893
"637","2012-06-26",3012.709961
"638","2012-06-27",3063.120117
"639","2012-06-28",3051.679932
"640","2012-06-29",3196.649902
"641","2012-07-02",3240.199951
"642","2012-07-03",3271.199951
"643","2012-07-04",3267.75
"644","2012-07-05",3229.360107
"645","2012-07-06",3168.790039
"646","2012-07-09",3156.800049
"647","2012-07-10",3175.409912
"648","2012-07-11",3157.25
"649","2012-07-12",3135.179932
"650","2012-07-13",3180.810059
"651","2012-07-16",3179.899902
"652","2012-07-17",3176.969971
"653","2012-07-18",3235.399902
"654","2012-07-19",3263.639893
"655","2012-07-20",3193.889893
"656","2012-07-23",3101.530029
"657","2012-07-24",3074.679932
"658","2012-07-25",3081.73999
"659","2012-07-26",3207.120117
"660","2012-07-27",3280.189941
"661","2012-07-30",3320.709961
"662","2012-07-31",3291.659912
"663","2012-08-01",3321.560059
"664","2012-08-02",3232.459961
"665","2012-08-03",3374.189941
"666","2012-08-06",3401.560059
"667","2012-08-07",3453.280029
"668","2012-08-08",3438.26001
"669","2012-08-09",3456.709961
"670","2012-08-10",3435.620117
"671","2012-08-13",3426.409912
"672","2012-08-14",3450.27002
"673","2012-08-15",3449.199951
"674","2012-08-16",3480.48999
"675","2012-08-17",3488.379883
"676","2012-08-20",3480.580078
"677","2012-08-21",3513.280029
"678","2012-08-22",3461.649902
"679","2012-08-23",3432.560059
"680","2012-08-24",3433.209961
"681","2012-08-27",3462.830078
"682","2012-08-28",3431.550049
"683","2012-08-29",3413.889893
"684","2012-08-30",3379.110107
"685","2012-08-31",3413.070068
"686","2012-09-03",3453.709961
"687","2012-09-04",3399.040039
"688","2012-09-05",3405.790039
"689","2012-09-06",3509.879883
"690","2012-09-07",3519.050049
"691","2012-09-10",3506.050049
"692","2012-09-11",3537.300049
"693","2012-09-12",3543.790039
"694","2012-09-13",3502.090088
"695","2012-09-14",3581.580078
"696","2012-09-17",3553.689941
"697","2012-09-18",3512.689941
"698","2012-09-19",3531.820068
"699","2012-09-20",3509.919922
"700","2012-09-21",3530.719971
"701","2012-09-24",3497.219971
"702","2012-09-25",3513.810059
"703","2012-09-26",3414.840088
"704","2012-09-27",3439.320068
"705","2012-09-28",3354.820068
"706","2012-10-01",3434.97998
"707","2012-10-02",3414.22998
"708","2012-10-03",3406.02002
"709","2012-10-04",3401.199951
"710","2012-10-05",3457.040039
"711","2012-10-08",3406.530029
"712","2012-10-09",3382.780029
"713","2012-10-10",3365.870117
"714","2012-10-11",3413.719971
"715","2012-10-12",3389.080078
"716","2012-10-15",3420.280029
"717","2012-10-16",3500.939941
"718","2012-10-17",3527.5
"719","2012-10-18",3535.179932
"720","2012-10-19",3504.560059
"721","2012-10-22",3483.25
"722","2012-10-23",3406.5
"723","2012-10-24",3426.48999
"724","2012-10-25",3411.530029
"725","2012-10-26",3435.090088
"726","2012-10-29",3408.889893
"727","2012-10-30",3459.439941
"728","2012-10-31",3429.27002
"729","2012-11-01",3475.399902
"730","2012-11-02",3492.459961
"731","2012-11-05",3448.5
"732","2012-11-06",3478.659912
"733","2012-11-07",3409.590088
"734","2012-11-08",3407.679932
"735","2012-11-09",3423.570068
"736","2012-11-12",3411.649902
"737","2012-11-13",3430.600098
"738","2012-11-14",3400.02002
"739","2012-11-15",3382.399902
"740","2012-11-16",3341.52002
"741","2012-11-19",3439.580078
"742","2012-11-20",3462.060059
"743","2012-11-21",3477.360107
"744","2012-11-22",3498.219971
"745","2012-11-23",3528.800049
"746","2012-11-26",3500.939941
"747","2012-11-27",3502.129883
"748","2012-11-28",3515.189941
"749","2012-11-29",3568.879883
"750","2012-11-30",3557.280029
"751","2012-12-03",3566.590088
"752","2012-12-04",3580.47998
"753","2012-12-05",3590.5
"754","2012-12-06",3601.649902
"755","2012-12-07",3605.610107
"756","2012-12-10",3612.100098
"757","2012-12-11",3646.149902
"758","2012-12-12",3646.659912
"759","2012-12-13",3643.129883
"760","2012-12-14",3643.280029
"761","2012-12-17",3638.100098
"762","2012-12-18",3648.629883
"763","2012-12-19",3664.590088
"764","2012-12-20",3666.72998
"765","2012-12-21",3661.399902
"766","2012-12-27",3674.26001
"767","2012-12-28",3620.25
"768","2013-01-02",3733.929932
"769","2013-01-03",3721.169922
"770","2013-01-04",3730.02002
"771","2013-01-07",3704.639893
"772","2013-01-08",3705.879883
"773","2013-01-09",3717.449951
"774","2013-01-10",3703.120117
"775","2013-01-11",3706.02002
"776","2013-01-14",3708.25
"777","2013-01-15",3697.350098
"778","2013-01-16",3708.48999
"779","2013-01-17",3744.110107
"780","2013-01-18",3741.580078
"781","2013-01-21",3763.030029
"782","2013-01-22",3741.01001
"783","2013-01-23",3726.169922
"784","2013-01-24",3752.169922
"785","2013-01-25",3778.159912
"786","2013-01-28",3780.889893
"787","2013-01-29",3785.820068
"788","2013-01-30",3765.52002
"789","2013-01-31",3732.600098
"790","2013-02-01",3773.530029
"791","2013-02-04",3659.909912
"792","2013-02-05",3694.699951
"793","2013-02-06",3642.899902
"794","2013-02-07",3601.050049
"795","2013-02-08",3649.5
"796","2013-02-11",3650.580078
"797","2013-02-12",3686.580078
"798","2013-02-13",3698.530029
"799","2013-02-14",3669.600098
"800","2013-02-15",3660.370117
"801","2013-02-18",3667.040039
"802","2013-02-19",3735.820068
"803","2013-02-20",3709.879883
"804","2013-02-21",3624.800049
"805","2013-02-22",3706.280029
"806","2013-02-25",3721.330078
"807","2013-02-26",3621.919922
"808","2013-02-27",3691.48999
"809","2013-02-28",3723
"810","2013-03-01",3699.909912
"811","2013-03-04",3709.76001
"812","2013-03-05",3787.189941
"813","2013-03-06",3773.76001
"814","2013-03-07",3793.780029
"815","2013-03-08",3840.149902
"816","2013-03-11",3836.27002
"817","2013-03-12",3839.969971
"818","2013-03-13",3836.040039
"819","2013-03-14",3871.580078
"820","2013-03-15",3844.030029
"821","2013-03-18",3825.469971
"822","2013-03-19",3775.75
"823","2013-03-20",3829.560059
"824","2013-03-21",3774.850098
"825","2013-03-22",3770.290039
"826","2013-03-25",3727.97998
"827","2013-03-26",3748.639893
"828","2013-03-27",3711.639893
"829","2013-03-28",3731.419922
"830","2013-04-02",3805.370117
"831","2013-04-03",3754.959961
"832","2013-04-04",3726.159912
"833","2013-04-05",3663.47998
"834","2013-04-08",3666.780029
"835","2013-04-09",3670.719971
"836","2013-04-10",3743.709961
"837","2013-04-11",3775.659912
"838","2013-04-12",3729.300049
"839","2013-04-15",3710.47998
"840","2013-04-16",3685.790039
"841","2013-04-17",3599.22998
"842","2013-04-18",3599.360107
"843","2013-04-19",3651.959961
"844","2013-04-22",3652.129883
"845","2013-04-23",3783.050049
"846","2013-04-24",3842.939941
"847","2013-04-25",3840.469971
"848","2013-04-26",3810.050049
"849","2013-04-29",3868.679932
"850","2013-04-30",3856.75
"851","2013-05-02",3858.76001
"852","2013-05-03",3912.949951
"853","2013-05-06",3907.040039
"854","2013-05-07",3921.320068
"855","2013-05-08",3956.280029
"856","2013-05-09",3928.580078
"857","2013-05-10",3953.830078
"858","2013-05-13",3945.199951
"859","2013-05-14",3966.060059
"860","2013-05-15",3982.22998
"861","2013-05-16",3979.070068
"862","2013-05-17",4001.27002
"863","2013-05-20",4022.850098
"864","2013-05-21",4036.179932
"865","2013-05-22",4051.110107
"866","2013-05-23",3967.149902
"867","2013-05-24",3956.790039
"868","2013-05-27",3995.159912
"869","2013-05-28",4050.560059
"870","2013-05-29",3974.120117
"871","2013-05-30",3996.310059
"872","2013-05-31",3948.590088
"873","2013-06-03",3920.669922
"874","2013-06-04",3925.830078
"875","2013-06-05",3852.439941
"876","2013-06-06",3814.280029
"877","2013-06-07",3872.590088
"878","2013-06-10",3864.360107
"879","2013-06-11",3810.560059
"880","2013-06-12",3793.699951
"881","2013-06-13",3797.97998
"882","2013-06-14",3805.159912
"883","2013-06-17",3863.659912
"884","2013-06-18",3860.550049
"885","2013-06-19",3839.340088
"886","2013-06-20",3698.929932
"887","2013-06-21",3658.040039
"888","2013-06-24",3595.629883
"889","2013-06-25",3649.820068
"890","2013-06-26",3726.040039
"891","2013-06-27",3762.189941
"892","2013-06-28",3738.909912
"893","2013-07-01",3767.47998
"894","2013-07-02",3742.570068
"895","2013-07-03",3702.01001
"896","2013-07-04",3809.310059
"897","2013-07-05",3753.850098
"898","2013-07-08",3823.830078
"899","2013-07-09",3843.560059
"900","2013-07-10",3840.530029
"901","2013-07-11",3868.97998
"902","2013-07-12",3855.090088
"903","2013-07-15",3878.580078
"904","2013-07-16",3851.030029
"905","2013-07-17",3872.02002
"906","2013-07-18",3927.790039
"907","2013-07-19",3925.320068
"908","2013-07-22",3939.919922
"909","2013-07-23",3923.090088
"910","2013-07-24",3962.75
"911","2013-07-25",3956.02002
"912","2013-07-26",3968.840088
"913","2013-07-29",3968.909912
"914","2013-07-30",3986.610107
"915","2013-07-31",3992.689941
"916","2013-08-01",4042.72998
"917","2013-08-02",4045.649902
"918","2013-08-05",4049.969971
"919","2013-08-06",4032.570068
"920","2013-08-07",4038.48999
"921","2013-08-08",4064.320068
"922","2013-08-09",4076.550049
"923","2013-08-12",4071.679932
"924","2013-08-13",4092.5
"925","2013-08-14",4114.200195
"926","2013-08-15",4093.199951
"927","2013-08-16",4123.890137
"928","2013-08-19",4083.97998
"929","2013-08-20",4028.929932
"930","2013-08-21",4015.090088
"931","2013-08-22",4059.120117
"932","2013-08-23",4069.469971
"933","2013-08-26",4067.129883
"934","2013-08-27",3968.72998
"935","2013-08-28",3960.459961
"936","2013-08-29",3986.350098
"937","2013-08-30",3933.780029
"938","2013-09-02",4006.01001
"939","2013-09-03",3974.070068
"940","2013-09-04",3980.419922
"941","2013-09-05",4006.800049
"942","2013-09-06",4049.189941
"943","2013-09-09",4040.330078
"944","2013-09-10",4116.640137
"945","2013-09-11",4119.109863
"946","2013-09-12",4106.629883
"947","2013-09-13",4114.5
"948","2013-09-16",4152.220215
"949","2013-09-17",4145.509766
"950","2013-09-18",4170.399902
"951","2013-09-19",4206.040039
"952","2013-09-20",4203.660156
"953","2013-09-23",4172.080078
"954","2013-09-24",4195.609863
"955","2013-09-25",4195.350098
"956","2013-09-26",4186.720215
"957","2013-09-27",4186.77002
"958","2013-09-30",4143.439941
"959","2013-10-01",4196.600098
"960","2013-10-02",4158.160156
"961","2013-10-03",4127.97998
"962","2013-10-04",4164.25
"963","2013-10-07",4165.580078
"964","2013-10-08",4133.529785
"965","2013-10-09",4127.049805
"966","2013-10-10",4218.109863
"967","2013-10-11",4219.97998
"968","2013-10-14",4222.959961
"969","2013-10-15",4256.02002
"970","2013-10-16",4243.720215
"971","2013-10-17",4239.640137
"972","2013-10-18",4286.029785
"973","2013-10-21",4276.919922
"974","2013-10-22",4295.430176
"975","2013-10-23",4260.660156
"976","2013-10-24",4275.689941
"977","2013-10-25",4272.310059
"978","2013-10-28",4251.609863
"979","2013-10-29",4278.089844
"980","2013-10-30",4274.109863
"981","2013-10-31",4299.890137
"982","2013-11-01",4273.189941
"983","2013-11-04",4288.589844
"984","2013-11-05",4253.339844
"985","2013-11-06",4286.930176
"986","2013-11-07",4280.990234
"987","2013-11-08",4260.439941
"988","2013-11-11",4290.140137
"989","2013-11-12",4263.779785
"990","2013-11-13",4239.939941
"991","2013-11-14",4283.910156
"992","2013-11-15",4292.22998
"993","2013-11-18",4320.680176
"994","2013-11-19",4272.290039
"995","2013-11-20",4268.370117
"996","2013-11-21",4253.899902
"997","2013-11-22",4278.529785
"998","2013-11-25",4301.970215
"999","2013-11-26",4277.569824
"1000","2013-11-27",4293.060059
"1001","2013-11-28",4302.419922
"1002","2013-11-29",4295.209961
"1003","2013-12-02",4285.810059
"1004","2013-12-03",4172.439941
"1005","2013-12-04",4148.52002
"1006","2013-12-05",4099.910156
"1007","2013-12-06",4129.370117
"1008","2013-12-09",4134.100098
"1009","2013-12-10",4091.139893
"1010","2013-12-11",4086.860107
"1011","2013-12-12",4069.120117
"1012","2013-12-13",4059.709961
"1013","2013-12-16",4119.879883
"1014","2013-12-17",4068.639893
"1015","2013-12-18",4109.509766
"1016","2013-12-19",4154.27002
"1017","2013-12-20",4193.77002
"1018","2013-12-23",4215.290039
"1019","2013-12-24",4218.410156
"1020","2013-12-27",4277.649902
"1021","2013-12-30",4275.709961
"1022","2013-12-31",4295.950195
"1023","2014-01-02",4227.279785
"1024","2014-01-03",4247.649902
"1025","2014-01-06",4227.540039
"1026","2014-01-07",4262.680176
"1027","2014-01-08",4260.959961
"1028","2014-01-09",4225.140137
"1029","2014-01-10",4250.600098
"1030","2014-01-13",4263.27002
"1031","2014-01-14",4274.200195
"1032","2014-01-15",4332.069824
"1033","2014-01-16",4319.27002
"1034","2014-01-17",4327.5
"1035","2014-01-20",4322.859863
"1036","2014-01-21",4323.870117
"1037","2014-01-22",4324.97998
"1038","2014-01-23",4280.959961
"1039","2014-01-24",4161.470215
"1040","2014-01-27",4144.560059
"1041","2014-01-28",4185.290039
"1042","2014-01-29",4156.97998
"1043","2014-01-30",4180.02002
"1044","2014-01-31",4165.720215
"1045","2014-02-03",4107.75
"1046","2014-02-04",4117.450195
"1047","2014-02-05",4117.790039
"1048","2014-02-06",4188.100098
"1049","2014-02-07",4228.180176
"1050","2014-02-10",4237.129883
"1051","2014-02-11",4283.319824
"1052","2014-02-12",4305.5
"1053","2014-02-13",4312.799805
"1054","2014-02-14",4340.140137
"1055","2014-02-17",4335.169922
"1056","2014-02-18",4330.709961
"1057","2014-02-19",4341.100098
"1058","2014-02-20",4355.490234
"1059","2014-02-21",4381.060059
"1060","2014-02-24",4419.129883
"1061","2014-02-25",4414.549805
"1062","2014-02-26",4396.910156
"1063","2014-02-27",4396.390137
"1064","2014-02-28",4408.080078
"1065","2014-03-03",4290.870117
"1066","2014-03-04",4395.899902
"1067","2014-03-05",4391.25
"1068","2014-03-06",4417.040039
"1069","2014-03-07",4366.419922
"1070","2014-03-10",4370.839844
"1071","2014-03-11",4349.720215
"1072","2014-03-12",4306.259766
"1073","2014-03-13",4250.509766
"1074","2014-03-14",4216.370117
"1075","2014-03-17",4271.959961
"1076","2014-03-18",4313.259766
"1077","2014-03-19",4308.060059
"1078","2014-03-20",4327.910156
"1079","2014-03-21",4335.279785
"1080","2014-03-24",4276.339844
"1081","2014-03-25",4344.120117
"1082","2014-03-26",4385.149902
"1083","2014-03-27",4379.060059
"1084","2014-03-28",4411.259766
"1085","2014-03-31",4391.5
"1086","2014-04-01",4426.720215
"1087","2014-04-02",4430.859863
"1088","2014-04-03",4449.330078
"1089","2014-04-04",4484.549805
"1090","2014-04-07",4436.080078
"1091","2014-04-08",4424.830078
"1092","2014-04-09",4442.680176
"1093","2014-04-10",4413.490234
"1094","2014-04-11",4365.859863
"1095","2014-04-14",4384.560059
"1096","2014-04-15",4345.350098
"1097","2014-04-16",4405.660156
"1098","2014-04-17",4431.810059
"1099","2014-04-22",4484.209961
"1100","2014-04-23",4451.080078
"1101","2014-04-24",4479.540039
"1102","2014-04-25",4443.629883
"1103","2014-04-28",4460.529785
"1104","2014-04-29",4497.680176
"1105","2014-04-30",4487.390137
"1106","2014-05-01",NA
"1107","2014-05-02",4458.169922
"1108","2014-05-05",4462.689941
"1109","2014-05-06",4428.069824
"1110","2014-05-07",4446.439941
"1111","2014-05-08",4507.240234
"1112","2014-05-09",4477.279785
"1113","2014-05-12",4493.649902
"1114","2014-05-13",4505.02002
"1115","2014-05-14",4501.040039
"1116","2014-05-15",4444.930176
"1117","2014-05-16",4456.279785
"1118","2014-05-19",4469.759766
"1119","2014-05-20",4452.350098
"1120","2014-05-21",4469.029785
"1121","2014-05-22",4478.209961
"1122","2014-05-23",4493.149902
"1123","2014-05-26",4526.930176
"1124","2014-05-27",4529.75
"1125","2014-05-28",4531.629883
"1126","2014-05-29",4530.509766
"1127","2014-05-30",4519.569824
"1128","2014-06-02",4515.890137
"1129","2014-06-03",4503.689941
"1130","2014-06-04",4501
"1131","2014-06-05",4548.72998
"1132","2014-06-06",4581.120117
"1133","2014-06-09",4589.120117
"1134","2014-06-10",4595
"1135","2014-06-11",4555.109863
"1136","2014-06-12",4554.399902
"1137","2014-06-13",4543.279785
"1138","2014-06-16",4510.049805
"1139","2014-06-17",4536.069824
"1140","2014-06-18",4530.370117
"1141","2014-06-19",4563.040039
"1142","2014-06-20",4541.339844
"1143","2014-06-23",4515.569824
"1144","2014-06-24",4518.339844
"1145","2014-06-25",4460.600098
"1146","2014-06-26",4439.629883
"1147","2014-06-27",4436.990234
"1148","2014-06-30",4422.839844
"1149","2014-07-01",4461.120117
"1150","2014-07-02",4444.720215
"1151","2014-07-03",4489.879883
"1152","2014-07-04",4468.97998
"1153","2014-07-07",4405.759766
"1154","2014-07-08",4342.529785
"1155","2014-07-09",4359.839844
"1156","2014-07-10",4301.259766
"1157","2014-07-11",4316.5
"1158","2014-07-14",4350.040039
"1159","2014-07-15",4305.310059
"1160","2014-07-16",4369.060059
"1161","2014-07-17",4316.120117
"1162","2014-07-18",4335.310059
"1163","2014-07-21",4304.740234
"1164","2014-07-22",4369.52002
"1165","2014-07-23",4376.319824
"1166","2014-07-24",4410.649902
"1167","2014-07-25",4330.549805
"1168","2014-07-28",4344.77002
"1169","2014-07-29",4365.580078
"1170","2014-07-30",4312.299805
"1171","2014-07-31",4246.140137
"1172","2014-08-01",4202.779785
"1173","2014-08-04",4217.220215
"1174","2014-08-05",4232.879883
"1175","2014-08-06",4207.140137
"1176","2014-08-07",4149.830078
"1177","2014-08-08",4147.810059
"1178","2014-08-11",4197.700195
"1179","2014-08-12",4162.160156
"1180","2014-08-13",4194.790039
"1181","2014-08-14",4205.430176
"1182","2014-08-15",4174.359863
"1183","2014-08-18",4230.649902
"1184","2014-08-19",4254.450195
"1185","2014-08-20",4240.790039
"1186","2014-08-21",4292.930176
"1187","2014-08-22",4252.799805
"1188","2014-08-25",4342.109863
"1189","2014-08-26",4393.410156
"1190","2014-08-27",4395.259766
"1191","2014-08-28",4366.040039
"1192","2014-08-29",4381.040039
"1193","2014-09-01",4379.72998
"1194","2014-09-02",4378.330078
"1195","2014-09-03",4421.870117
"1196","2014-09-04",4494.939941
"1197","2014-09-05",4486.490234
"1198","2014-09-08",4474.930176
"1199","2014-09-09",4452.370117
"1200","2014-09-10",4450.790039
"1201","2014-09-11",4440.899902
"1202","2014-09-12",4441.700195
"1203","2014-09-15",4428.629883
"1204","2014-09-16",4409.149902
"1205","2014-09-17",4431.410156
"1206","2014-09-18",4464.700195
"1207","2014-09-19",4461.220215
"1208","2014-09-22",4442.549805
"1209","2014-09-23",4359.350098
"1210","2014-09-24",4413.720215
"1211","2014-09-25",4355.279785
"1212","2014-09-26",4394.75
"1213","2014-09-29",4358.069824
"1214","2014-09-30",4416.240234
"1215","2014-10-01",4365.27002
"1216","2014-10-02",4242.669922
"1217","2014-10-03",4281.740234
"1218","2014-10-06",4286.52002
"1219","2014-10-07",4209.140137
"1220","2014-10-08",4168.120117
"1221","2014-10-09",4141.450195
"1222","2014-10-10",4073.709961
"1223","2014-10-13",4078.699951
"1224","2014-10-14",4088.25
"1225","2014-10-15",3939.719971
"1226","2014-10-16",3918.620117
"1227","2014-10-17",4033.179932
"1228","2014-10-20",3991.23999
"1229","2014-10-21",4081.23999
"1230","2014-10-22",4105.089844
"1231","2014-10-23",4157.680176
"1232","2014-10-24",4128.899902
"1233","2014-10-27",4096.740234
"1234","2014-10-28",4112.669922
"1235","2014-10-29",4110.640137
"1236","2014-10-30",4141.240234
"1237","2014-10-31",4233.089844
"1238","2014-11-03",4194.029785
"1239","2014-11-04",4130.189941
"1240","2014-11-05",4208.419922
"1241","2014-11-06",4227.680176
"1242","2014-11-07",4189.890137
"1243","2014-11-10",4222.819824
"1244","2014-11-11",4244.100098
"1245","2014-11-12",4179.879883
"1246","2014-11-13",4187.950195
"1247","2014-11-14",4202.459961
"1248","2014-11-17",4226.100098
"1249","2014-11-18",4262.379883
"1250","2014-11-19",4266.189941
"1251","2014-11-20",4234.209961
"1252","2014-11-21",4347.22998
"1253","2014-11-24",4368.439941
"1254","2014-11-25",4382.310059
"1255","2014-11-26",4373.419922
"1256","2014-11-27",4382.339844
"1257","2014-11-28",4390.180176
"1258","2014-12-01",4377.330078
"1259","2014-12-02",4388.299805
"1260","2014-12-03",4391.859863
"1261","2014-12-04",4323.890137
"1262","2014-12-05",4419.47998
"1263","2014-12-08",4375.47998
"1264","2014-12-09",4263.939941
"1265","2014-12-10",4227.910156
"1266","2014-12-11",4225.859863
"1267","2014-12-12",4108.930176
"1268","2014-12-15",4005.379883
"1269","2014-12-16",4093.199951
"1270","2014-12-17",4111.910156
"1271","2014-12-18",4249.490234
"1272","2014-12-19",4241.649902
"1273","2014-12-22",4254.430176
"1274","2014-12-23",4314.970215
"1275","2014-12-24",4295.850098
"1276","2014-12-29",4317.930176
"1277","2014-12-30",4245.540039
"1278","2014-12-31",4272.75
"1279","2015-01-02",4252.290039
"1280","2015-01-05",4111.359863
"1281","2015-01-06",4083.5
"1282","2015-01-07",4112.72998
"1283","2015-01-08",4260.189941
"1284","2015-01-09",4179.069824
"1285","2015-01-12",4228.240234
"1286","2015-01-13",4290.279785
"1287","2015-01-14",4223.240234
"1288","2015-01-15",4323.200195
"1289","2015-01-16",4379.620117
"1290","2015-01-19",4394.930176
"1291","2015-01-20",4446.02002
"1292","2015-01-21",4484.819824
"1293","2015-01-22",4552.799805
"1294","2015-01-23",4640.689941
"1295","2015-01-26",4675.129883
"1296","2015-01-27",4624.209961
"1297","2015-01-28",4610.939941
"1298","2015-01-29",4631.430176
"1299","2015-01-30",4604.25
"1300","2015-02-02",4627.669922
"1301","2015-02-03",4677.899902
"1302","2015-02-04",4696.299805
"1303","2015-02-05",4703.299805
"1304","2015-02-06",4691.029785
"1305","2015-02-09",4651.080078
"1306","2015-02-10",4695.649902
"1307","2015-02-11",4679.379883
"1308","2015-02-12",4726.200195
"1309","2015-02-13",4759.359863
"1310","2015-02-16",4751.950195
"1311","2015-02-17",4753.990234
"1312","2015-02-18",4799.029785
"1313","2015-02-19",4833.279785
"1314","2015-02-20",4830.899902
"1315","2015-02-23",4862.299805
"1316","2015-02-24",4886.439941
"1317","2015-02-25",4882.220215
"1318","2015-02-26",4910.620117
"1319","2015-02-27",4951.47998
"1320","2015-03-02",4917.319824
"1321","2015-03-03",4869.25
"1322","2015-03-04",4917.350098
"1323","2015-03-05",4963.509766
"1324","2015-03-06",4964.350098
"1325","2015-03-09",4937.200195
"1326","2015-03-10",4881.950195
"1327","2015-03-11",4997.75
"1328","2015-03-12",4987.330078
"1329","2015-03-13",5010.459961
"1330","2015-03-16",5061.160156
"1331","2015-03-17",5028.930176
"1332","2015-03-18",5033.419922
"1333","2015-03-19",5037.180176
"1334","2015-03-20",5087.490234
"1335","2015-03-23",5054.52002
"1336","2015-03-24",5088.279785
"1337","2015-03-25",5020.990234
"1338","2015-03-26",5006.350098
"1339","2015-03-27",5034.060059
"1340","2015-03-30",5083.52002
"1341","2015-03-31",5033.640137
"1342","2015-04-01",5062.220215
"1343","2015-04-02",5074.140137
"1344","2015-04-07",5151.189941
"1345","2015-04-08",5136.859863
"1346","2015-04-09",5208.950195
"1347","2015-04-10",5240.459961
"1348","2015-04-13",5254.120117
"1349","2015-04-14",5218.060059
"1350","2015-04-15",5254.350098
"1351","2015-04-16",5224.490234
"1352","2015-04-17",5143.259766
"1353","2015-04-20",5187.589844
"1354","2015-04-21",5192.640137
"1355","2015-04-22",5211.089844
"1356","2015-04-23",5178.910156
"1357","2015-04-24",5201.450195
"1358","2015-04-27",5268.910156
"1359","2015-04-28",5173.379883
"1360","2015-04-29",5039.390137
"1361","2015-04-30",5046.490234
"1362","2015-05-04",5081.970215
"1363","2015-05-05",4974.069824
"1364","2015-05-06",4981.589844
"1365","2015-05-07",4967.220215
"1366","2015-05-08",5090.390137
"1367","2015-05-11",5027.870117
"1368","2015-05-12",4974.649902
"1369","2015-05-13",4961.859863
"1370","2015-05-14",5029.310059
"1371","2015-05-15",4993.819824
"1372","2015-05-18",5012.310059
"1373","2015-05-19",5117.299805
"1374","2015-05-20",5133.299805
"1375","2015-05-21",5146.700195
"1376","2015-05-22",5142.890137
"1377","2015-05-25",5117.169922
"1378","2015-05-26",5083.540039
"1379","2015-05-27",5182.529785
"1380","2015-05-28",5137.830078
"1381","2015-05-29",5007.890137
"1382","2015-06-01",5025.299805
"1383","2015-06-02",5004.459961
"1384","2015-06-03",5034.169922
"1385","2015-06-04",4987.129883
"1386","2015-06-05",4920.740234
"1387","2015-06-08",4857.660156
"1388","2015-06-09",4850.220215
"1389","2015-06-10",4934.910156
"1390","2015-06-11",4971.370117
"1391","2015-06-12",4901.189941
"1392","2015-06-15",4815.359863
"1393","2015-06-16",4839.859863
"1394","2015-06-17",4790.620117
"1395","2015-06-18",4803.47998
"1396","2015-06-19",4815.370117
"1397","2015-06-22",4998.609863
"1398","2015-06-23",5057.680176
"1399","2015-06-24",5045.350098
"1400","2015-06-25",5041.709961
"1401","2015-06-26",5059.169922
"1402","2015-06-29",4869.819824
"1403","2015-06-30",4790.200195
"1404","2015-07-01",4883.189941
"1405","2015-07-02",4835.560059
"1406","2015-07-03",4808.220215
"1407","2015-07-06",4711.540039
"1408","2015-07-07",4604.640137
"1409","2015-07-08",4639.02002
"1410","2015-07-09",4757.220215
"1411","2015-07-10",4903.069824
"1412","2015-07-13",4998.100098
"1413","2015-07-14",5032.470215
"1414","2015-07-15",5047.240234
"1415","2015-07-16",5121.5
"1416","2015-07-17",5124.390137
"1417","2015-07-20",5142.490234
"1418","2015-07-21",5106.569824
"1419","2015-07-22",5082.569824
"1420","2015-07-23",5086.740234
"1421","2015-07-24",5057.359863
"1422","2015-07-27",4927.600098
"1423","2015-07-28",4977.319824
"1424","2015-07-29",5017.439941
"1425","2015-07-30",5046.419922
"1426","2015-07-31",5082.609863
"1427","2015-08-03",5120.52002
"1428","2015-08-04",5112.140137
"1429","2015-08-05",5196.72998
"1430","2015-08-06",5192.109863
"1431","2015-08-07",5154.75
"1432","2015-08-10",5195.410156
"1433","2015-08-11",5099.029785
"1434","2015-08-12",4925.430176
"1435","2015-08-13",4986.850098
"1436","2015-08-14",4956.470215
"1437","2015-08-17",4984.830078
"1438","2015-08-18",4971.25
"1439","2015-08-19",4884.100098
"1440","2015-08-20",4783.549805
"1441","2015-08-21",4630.990234
"1442","2015-08-24",4383.459961
"1443","2015-08-25",4564.859863
"1444","2015-08-26",4501.049805
"1445","2015-08-27",4658.180176
"1446","2015-08-28",4675.129883
"1447","2015-08-31",4652.950195
"1448","2015-09-01",4541.160156
"1449","2015-09-02",4554.919922
"1450","2015-09-03",4653.790039
"1451","2015-09-04",4523.080078
"1452","2015-09-07",4549.640137
"1453","2015-09-08",4598.259766
"1454","2015-09-09",4664.589844
"1455","2015-09-10",4596.529785
"1456","2015-09-11",4548.720215
"1457","2015-09-14",4518.149902
"1458","2015-09-15",4569.370117
"1459","2015-09-16",4645.839844
"1460","2015-09-17",4655.140137
"1461","2015-09-18",4535.850098
"1462","2015-09-21",4585.5
"1463","2015-09-22",4428.509766
"1464","2015-09-23",4432.830078
"1465","2015-09-24",4347.240234
"1466","2015-09-25",4480.660156
"1467","2015-09-28",4357.049805
"1468","2015-09-29",4343.72998
"1469","2015-09-30",4455.290039
"1470","2015-10-01",4426.540039
"1471","2015-10-02",4458.879883
"1472","2015-10-05",4616.899902
"1473","2015-10-06",4660.640137
"1474","2015-10-07",4667.339844
"1475","2015-10-08",4675.910156
"1476","2015-10-09",4701.390137
"1477","2015-10-12",4688.700195
"1478","2015-10-13",4643.379883
"1479","2015-10-14",4609.029785
"1480","2015-10-15",4675.290039
"1481","2015-10-16",4702.790039
"1482","2015-10-19",4704.069824
"1483","2015-10-20",4673.810059
"1484","2015-10-21",4695.100098
"1485","2015-10-22",4802.180176
"1486","2015-10-23",4923.640137
"1487","2015-10-26",4897.129883
"1488","2015-10-27",4847.069824
"1489","2015-10-28",4890.580078
"1490","2015-10-29",4885.819824
"1491","2015-10-30",4897.660156
"1492","2015-11-02",4916.209961
"1493","2015-11-03",4936.180176
"1494","2015-11-04",4948.290039
"1495","2015-11-05",4980.040039
"1496","2015-11-06",4984.149902
"1497","2015-11-09",4911.169922
"1498","2015-11-10",4912.160156
"1499","2015-11-11",4952.509766
"1500","2015-11-12",4856.649902
"1501","2015-11-13",4807.950195
"1502","2015-11-16",4804.310059
"1503","2015-11-17",4937.310059
"1504","2015-11-18",4906.720215
"1505","2015-11-19",4915.100098
"1506","2015-11-20",4910.970215
"1507","2015-11-23",4889.120117
"1508","2015-11-24",4820.279785
"1509","2015-11-25",4892.990234
"1510","2015-11-26",4946.02002
"1511","2015-11-27",4930.140137
"1512","2015-11-30",4957.600098
"1513","2015-12-01",4914.529785
"1514","2015-12-02",4905.759766
"1515","2015-12-03",4730.209961
"1516","2015-12-04",4714.790039
"1517","2015-12-07",4756.410156
"1518","2015-12-08",4681.859863
"1519","2015-12-09",4637.450195
"1520","2015-12-10",4635.060059
"1521","2015-12-11",4549.560059
"1522","2015-12-14",4473.069824
"1523","2015-12-15",4614.399902
"1524","2015-12-16",4624.669922
"1525","2015-12-17",4677.540039
"1526","2015-12-18",4625.259766
"1527","2015-12-21",4565.169922
"1528","2015-12-22",4567.600098
"1529","2015-12-23",4674.529785
"1530","2015-12-24",4663.180176
"1531","2015-12-28",4617.950195
"1532","2015-12-29",4701.359863
"1533","2015-12-30",4677.140137
"1534","2016-01-04",4522.450195
"1535","2016-01-05",4537.629883
"1536","2016-01-06",4480.470215
"1537","2016-01-07",4403.580078
"1538","2016-01-08",4333.759766
"1539","2016-01-11",4312.740234
"1540","2016-01-12",4378.75
"1541","2016-01-13",4391.939941
"1542","2016-01-14",4312.890137
"1543","2016-01-15",4210.160156
"1544","2016-01-18",4189.569824
"1545","2016-01-19",4272.259766
"1546","2016-01-20",4124.950195
"1547","2016-01-21",4206.399902
"1548","2016-01-22",4336.689941
"1549","2016-01-25",4311.330078
"1550","2016-01-26",4356.810059
"1551","2016-01-27",4380.359863
"1552","2016-01-28",4322.160156
"1553","2016-01-29",4417.02002
"1554","2016-02-01",4392.330078
"1555","2016-02-02",4283.990234
"1556","2016-02-03",4226.959961
"1557","2016-02-04",4228.529785
"1558","2016-02-05",4200.669922
"1559","2016-02-08",4066.310059
"1560","2016-02-09",3997.540039
"1561","2016-02-10",4061.199951
"1562","2016-02-11",3896.709961
"1563","2016-02-12",3995.060059
"1564","2016-02-15",4115.25
"1565","2016-02-16",4110.660156
"1566","2016-02-17",4233.470215
"1567","2016-02-18",4239.759766
"1568","2016-02-19",4223.040039
"1569","2016-02-22",4298.700195
"1570","2016-02-23",4238.419922
"1571","2016-02-24",4155.339844
"1572","2016-02-25",4248.450195
"1573","2016-02-26",4314.569824
"1574","2016-02-29",4353.549805
"1575","2016-03-01",4406.839844
"1576","2016-03-02",4424.890137
"1577","2016-03-03",4416.080078
"1578","2016-03-04",4456.620117
"1579","2016-03-07",4442.290039
"1580","2016-03-08",4404.02002
"1581","2016-03-09",4425.649902
"1582","2016-03-10",4350.350098
"1583","2016-03-11",4492.790039
"1584","2016-03-14",4506.589844
"1585","2016-03-15",4472.629883
"1586","2016-03-16",4463
"1587","2016-03-17",4442.890137
"1588","2016-03-18",4462.509766
"1589","2016-03-21",4427.799805
"1590","2016-03-22",4431.970215
"1591","2016-03-23",4423.97998
"1592","2016-03-24",4329.680176
"1593","2016-03-29",4366.669922
"1594","2016-03-30",4444.419922
"1595","2016-03-31",4385.060059
"1596","2016-04-01",4322.240234
"1597","2016-04-04",4345.220215
"1598","2016-04-05",4250.279785
"1599","2016-04-06",4284.640137
"1600","2016-04-07",4245.910156
"1601","2016-04-08",4303.120117
"1602","2016-04-11",4312.629883
"1603","2016-04-12",4345.910156
"1604","2016-04-13",4490.310059
"1605","2016-04-14",4511.509766
"1606","2016-04-15",4495.169922
"1607","2016-04-18",4506.839844
"1608","2016-04-19",4566.47998
"1609","2016-04-20",4591.919922
"1610","2016-04-21",4582.830078
"1611","2016-04-22",4569.660156
"1612","2016-04-25",4546.120117
"1613","2016-04-26",4533.180176
"1614","2016-04-27",4559.399902
"1615","2016-04-28",4557.359863
"1616","2016-04-29",4428.959961
"1617","2016-05-02",4442.75
"1618","2016-05-03",4371.97998
"1619","2016-05-04",4324.22998
"1620","2016-05-05",4319.459961
"1621","2016-05-06",4301.240234
"1622","2016-05-09",4322.810059
"1623","2016-05-10",4338.209961
"1624","2016-05-11",4316.669922
"1625","2016-05-12",4293.27002
"1626","2016-05-13",4319.990234
"1627","2016-05-16",4312.279785
"1628","2016-05-17",4297.569824
"1629","2016-05-18",4319.299805
"1630","2016-05-19",4282.540039
"1631","2016-05-20",4353.899902
"1632","2016-05-23",4325.100098
"1633","2016-05-24",4431.52002
"1634","2016-05-25",4481.640137
"1635","2016-05-26",4512.640137
"1636","2016-05-27",4514.740234
"1637","2016-05-30",4529.399902
"1638","2016-05-31",4505.620117
"1639","2016-06-01",4475.390137
"1640","2016-06-02",4466
"1641","2016-06-03",4421.779785
"1642","2016-06-06",4423.379883
"1643","2016-06-07",4475.859863
"1644","2016-06-08",4448.72998
"1645","2016-06-09",4405.609863
"1646","2016-06-10",4306.720215
"1647","2016-06-13",4227.02002
"1648","2016-06-14",4130.330078
"1649","2016-06-15",4171.580078
"1650","2016-06-16",4153.009766
"1651","2016-06-17",4193.830078
"1652","2016-06-20",4340.759766
"1653","2016-06-21",4367.240234
"1654","2016-06-22",4380.029785
"1655","2016-06-23",4465.899902
"1656","2016-06-24",4106.72998
"1657","2016-06-27",4030.300049
"1658","2016-06-28",4088.850098
"1659","2016-06-29",4195.319824
"1660","2016-06-30",4237.47998
"1661","2016-07-01",4273.959961
"1662","2016-07-04",4234.859863
"1663","2016-07-05",4163.419922
"1664","2016-07-06",4085.300049
"1665","2016-07-07",4117.850098
"1666","2016-07-08",4190.680176
"1667","2016-07-11",4264.529785
"1668","2016-07-12",4331.379883
"1669","2016-07-13",4335.259766
"1670","2016-07-14",4385.52002
"1671","2016-07-15",4372.509766
"1672","2016-07-18",4357.740234
"1673","2016-07-19",4330.129883
"1674","2016-07-20",4379.759766
"1675","2016-07-21",4376.25
"1676","2016-07-22",4381.100098
"1677","2016-07-25",4388
"1678","2016-07-26",4394.77002
"1679","2016-07-27",4446.959961
"1680","2016-07-28",4420.580078
"1681","2016-07-29",4439.810059
"1682","2016-08-01",4409.169922
"1683","2016-08-02",4327.990234
"1684","2016-08-03",4321.080078
"1685","2016-08-04",4345.629883
"1686","2016-08-05",4410.549805
"1687","2016-08-08",4415.459961
"1688","2016-08-09",4468.069824
"1689","2016-08-10",4452.009766
"1690","2016-08-11",4503.950195
"1691","2016-08-12",4500.189941
"1692","2016-08-15",4497.859863
"1693","2016-08-16",4460.439941
"1694","2016-08-17",4417.680176
"1695","2016-08-18",4437.060059
"1696","2016-08-19",4400.52002
"1697","2016-08-22",4389.939941
"1698","2016-08-23",4421.450195
"1699","2016-08-24",4435.470215
"1700","2016-08-25",4406.609863
"1701","2016-08-26",4441.870117
"1702","2016-08-29",4424.25
"1703","2016-08-30",4457.490234
"1704","2016-08-31",4438.220215
"1705","2016-09-01",4439.669922
"1706","2016-09-02",4542.169922
"1707","2016-09-05",4541.080078
"1708","2016-09-06",4529.959961
"1709","2016-09-07",4557.660156
"1710","2016-09-08",4542.200195
"1711","2016-09-09",4491.399902
"1712","2016-09-12",4439.799805
"1713","2016-09-13",4387.180176
"1714","2016-09-14",4370.259766
"1715","2016-09-15",4373.220215
"1716","2016-09-16",4332.450195
"1717","2016-09-19",4394.189941
"1718","2016-09-20",4388.600098
"1719","2016-09-21",4409.549805
"1720","2016-09-22",4509.819824
"1721","2016-09-23",4488.689941
"1722","2016-09-26",4407.850098
"1723","2016-09-27",4398.680176
"1724","2016-09-28",4432.450195
"1725","2016-09-29",4443.839844
"1726","2016-09-30",4448.259766
"1727","2016-10-03",4453.560059
"1728","2016-10-04",4503.089844
"1729","2016-10-05",4489.950195
"1730","2016-10-06",4480.100098
"1731","2016-10-07",4449.910156
"1732","2016-10-10",4497.259766
"1733","2016-10-11",4471.740234
"1734","2016-10-12",4452.240234
"1735","2016-10-13",4405.169922
"1736","2016-10-14",4470.919922
"1737","2016-10-17",4450.22998
"1738","2016-10-18",4508.910156
"1739","2016-10-19",4520.299805
"1740","2016-10-20",4540.120117
"1741","2016-10-21",4536.069824
"1742","2016-10-24",4552.580078
"1743","2016-10-25",4540.839844
"1744","2016-10-26",4534.589844
"1745","2016-10-27",4533.569824
"1746","2016-10-28",4548.580078
"1747","2016-10-31",4509.259766
"1748","2016-11-01",4470.279785
"1749","2016-11-02",4414.669922
"1750","2016-11-03",4411.680176
"1751","2016-11-04",4377.459961
"1752","2016-11-07",4461.209961
"1753","2016-11-08",4476.890137
"1754","2016-11-09",4543.47998
"1755","2016-11-10",4530.950195
"1756","2016-11-11",4489.27002
"1757","2016-11-14",4508.549805
"1758","2016-11-15",4536.529785
"1759","2016-11-16",4501.140137
"1760","2016-11-17",4527.77002
"1761","2016-11-18",4504.350098
"1762","2016-11-21",4529.580078
"1763","2016-11-22",4548.350098
"1764","2016-11-23",4529.209961
"1765","2016-11-24",4542.560059
"1766","2016-11-25",4550.27002
"1767","2016-11-28",4510.390137
"1768","2016-11-29",4551.459961
"1769","2016-11-30",4578.339844
"1770","2016-12-01",4560.609863
"1771","2016-12-02",4528.819824
"1772","2016-12-05",4574.319824
"1773","2016-12-06",4631.939941
"1774","2016-12-07",4694.720215
"1775","2016-12-08",4735.47998
"1776","2016-12-09",4764.069824
"1777","2016-12-12",4760.77002
"1778","2016-12-13",4803.870117
"1779","2016-12-14",4769.240234
"1780","2016-12-15",4819.22998
"1781","2016-12-16",4833.27002
"1782","2016-12-19",4822.77002
"1783","2016-12-20",4849.890137
"1784","2016-12-21",4833.819824
"1785","2016-12-22",4834.629883
"1786","2016-12-23",4839.680176
"1787","2016-12-27",4848.279785
"1788","2016-12-28",4848.009766
"1789","2016-12-29",4838.470215
"1790","2016-12-30",4862.310059
"1791","2017-01-02",4882.379883
"1792","2017-01-03",4899.330078
"1793","2017-01-04",4899.399902
"1794","2017-01-05",4900.640137
"1795","2017-01-06",4909.839844
"1796","2017-01-09",4887.569824
"1797","2017-01-10",4888.22998
"1798","2017-01-11",4888.709961
"1799","2017-01-12",4863.970215
"1800","2017-01-13",4922.490234
"1801","2017-01-16",4882.180176
"1802","2017-01-17",4859.689941
"1803","2017-01-18",4853.399902
"1804","2017-01-19",4841.140137
"1805","2017-01-20",4850.669922
"1806","2017-01-23",4821.410156
"1807","2017-01-24",4830.029785
"1808","2017-01-25",4877.669922
"1809","2017-01-26",4867.240234
"1810","2017-01-27",4839.97998
"1811","2017-01-30",4784.640137
"1812","2017-01-31",4748.899902
"1813","2017-02-01",4794.580078
"1814","2017-02-02",4794.290039
"1815","2017-02-03",4825.419922
"1816","2017-02-06",4778.080078
"1817","2017-02-07",4754.470215
"1818","2017-02-08",4766.600098
"1819","2017-02-09",4826.240234
"1820","2017-02-10",4828.319824
"1821","2017-02-13",4888.189941
"1822","2017-02-14",4895.819824
"1823","2017-02-15",4924.859863
"1824","2017-02-16",4899.459961
"1825","2017-02-17",4867.580078
"1826","2017-02-20",4864.990234
"1827","2017-02-21",4888.759766
"1828","2017-02-22",4895.879883
"1829","2017-02-23",4891.290039
"1830","2017-02-24",4845.240234
"1831","2017-02-27",4845.180176
"1832","2017-02-28",4858.580078
"1833","2017-03-01",4960.830078
"1834","2017-03-02",4963.799805
"1835","2017-03-03",4995.129883
"1836","2017-03-06",4972.189941
"1837","2017-03-07",4955
"1838","2017-03-08",4960.47998
"1839","2017-03-09",4981.509766
"1840","2017-03-10",4993.319824
"1841","2017-03-13",4999.600098
"1842","2017-03-14",4974.259766
"1843","2017-03-15",4985.47998
"1844","2017-03-16",5013.379883
"1845","2017-03-17",5029.240234
"1846","2017-03-20",5012.160156
"1847","2017-03-21",5002.430176
"1848","2017-03-22",4994.700195
"1849","2017-03-23",5032.759766
"1850","2017-03-24",5020.899902
"1851","2017-03-27",5017.430176
"1852","2017-03-28",5046.200195
"1853","2017-03-29",5069.040039
"1854","2017-03-30",5089.640137
"1855","2017-03-31",5122.509766
"1856","2017-04-03",5085.910156
"1857","2017-04-04",5101.129883
"1858","2017-04-05",5091.850098
"1859","2017-04-06",5121.439941
"1860","2017-04-07",5135.279785
"1861","2017-04-10",5107.450195
"1862","2017-04-11",5101.859863
"1863","2017-04-12",5101.109863
"1864","2017-04-13",5071.100098
"1865","2017-04-18",4990.25
"1866","2017-04-19",5003.72998
"1867","2017-04-20",5077.910156
"1868","2017-04-21",5059.200195
"1869","2017-04-24",5268.850098
"1870","2017-04-25",5277.879883
"1871","2017-04-26",5287.879883
"1872","2017-04-27",5271.700195
"1873","2017-04-28",5267.330078
"1874","2017-05-02",5304.149902
"1875","2017-05-03",5301
"1876","2017-05-04",5372.419922
"1877","2017-05-05",5432.399902
"1878","2017-05-08",5382.950195
"1879","2017-05-09",5398.009766
"1880","2017-05-10",5400.459961
"1881","2017-05-11",5383.419922
"1882","2017-05-12",5405.419922
"1883","2017-05-15",5417.399902
"1884","2017-05-16",5406.100098
"1885","2017-05-17",5317.890137
"1886","2017-05-18",5289.72998
"1887","2017-05-19",5324.399902
"1888","2017-05-22",5322.879883
"1889","2017-05-23",5348.160156
"1890","2017-05-24",5341.339844
"1891","2017-05-25",5337.160156
"1892","2017-05-26",5336.640137
"1893","2017-05-29",5332.470215
"1894","2017-05-30",5305.939941
"1895","2017-05-31",5283.629883
"1896","2017-06-01",5318.669922
"1897","2017-06-02",5343.410156
"1898","2017-06-05",5307.890137
"1899","2017-06-06",5269.220215
"1900","2017-06-07",5265.529785
"1901","2017-06-08",5264.240234
"1902","2017-06-09",5299.709961
"1903","2017-06-12",5240.589844
"1904","2017-06-13",5261.740234
"1905","2017-06-14",5243.290039
"1906","2017-06-15",5216.879883
"1907","2017-06-16",5263.310059
"1908","2017-06-19",5310.720215
"1909","2017-06-20",5293.649902
"1910","2017-06-21",5274.259766
"1911","2017-06-22",5281.930176
"1912","2017-06-23",5266.120117
"1913","2017-06-26",5295.75
"1914","2017-06-27",5258.580078
"1915","2017-06-28",5252.899902
"1916","2017-06-29",5154.350098
"1917","2017-06-30",5120.680176
"1918","2017-07-03",5195.720215
"1919","2017-07-04",5174.899902
"1920","2017-07-05",5180.100098
"1921","2017-07-06",5152.399902
"1922","2017-07-07",5145.160156
"1923","2017-07-10",5165.640137
"1924","2017-07-11",5140.600098
"1925","2017-07-12",5222.129883
"1926","2017-07-13",5235.399902
"1927","2017-07-14",5235.310059
"1928","2017-07-17",5230.169922
"1929","2017-07-18",5173.27002
"1930","2017-07-19",5216.069824
"1931","2017-07-20",5199.220215
"1932","2017-07-21",5117.660156
"1933","2017-07-24",5127.700195
"1934","2017-07-25",5161.080078
"1935","2017-07-26",5190.169922
"1936","2017-07-27",5186.950195
"1937","2017-07-28",5131.390137
"1938","2017-07-31",5093.77002
"1939","2017-08-01",5127.029785
"1940","2017-08-02",5107.25
"1941","2017-08-03",5130.490234
"1942","2017-08-04",5203.439941
"1943","2017-08-07",5207.890137
"1944","2017-08-08",5218.890137
"1945","2017-08-09",5145.700195
"1946","2017-08-10",5115.22998
"1947","2017-08-11",5060.919922
"1948","2017-08-14",5121.669922
"1949","2017-08-15",5140.25
"1950","2017-08-16",5176.609863
"1951","2017-08-17",5146.850098
"1952","2017-08-18",5114.149902
"1953","2017-08-21",5087.589844
"1954","2017-08-22",5131.859863
"1955","2017-08-23",5115.390137
"1956","2017-08-24",5113.129883
"1957","2017-08-25",5104.330078
"1958","2017-08-28",5079.75
"1959","2017-08-29",5031.919922
"1960","2017-08-30",5056.339844
"1961","2017-08-31",5085.589844
"1962","2017-09-01",5123.259766
"1963","2017-09-04",5103.970215
"1964","2017-09-05",5086.560059
"1965","2017-09-06",5101.410156
"1966","2017-09-07",5114.620117
"1967","2017-09-08",5113.490234
"1968","2017-09-11",5176.709961
"1969","2017-09-12",5209.009766
"1970","2017-09-13",5217.589844
"1971","2017-09-14",5225.200195
"1972","2017-09-15",5213.910156
"1973","2017-09-18",5229.319824
"1974","2017-09-19",5237.439941
"1975","2017-09-20",5241.660156
"1976","2017-09-21",5267.290039
"1977","2017-09-22",5281.290039
"1978","2017-09-25",5267.129883
"1979","2017-09-26",5268.759766
"1980","2017-09-27",5281.959961
"1981","2017-09-28",5293.77002
"1982","2017-09-29",5329.810059
"1983","2017-10-02",5350.439941
"1984","2017-10-03",5367.410156
"1985","2017-10-04",5363.22998
"1986","2017-10-05",5379.209961
"1987","2017-10-06",5359.899902
"1988","2017-10-09",5365.830078
"1989","2017-10-10",5363.649902
"1990","2017-10-11",5362.410156
"1991","2017-10-12",5360.810059
"1992","2017-10-13",5351.740234
"1993","2017-10-16",5362.879883
"1994","2017-10-17",5361.370117
"1995","2017-10-18",5383.810059
"1996","2017-10-19",5368.290039
"1997","2017-10-20",5372.379883
"1998","2017-10-23",5386.810059
"1999","2017-10-24",5394.799805
"2000","2017-10-25",5374.890137
"2001","2017-10-26",5455.399902
"2002","2017-10-27",5494.129883
"2003","2017-10-30",5493.629883
"2004","2017-10-31",5503.290039
"2005","2017-11-01",5514.290039
"2006","2017-11-02",5510.5
"2007","2017-11-03",5517.970215
"2008","2017-11-06",5507.25
"2009","2017-11-07",5480.640137
"2010","2017-11-08",5471.430176
"2011","2017-11-09",5407.75
"2012","2017-11-10",5380.720215
"2013","2017-11-13",5341.629883
"2014","2017-11-14",5315.580078
"2015","2017-11-15",5301.25
"2016","2017-11-16",5336.390137
"2017","2017-11-17",5319.169922
"2018","2017-11-20",5340.450195
"2019","2017-11-21",5366.149902
"2020","2017-11-22",5352.759766
"2021","2017-11-23",5379.540039
"2022","2017-11-24",5390.459961
"2023","2017-11-27",5360.089844
"2024","2017-11-28",5390.47998
"2025","2017-11-29",5398.049805
"2026","2017-11-30",5372.790039
"2027","2017-12-01",5316.890137
"2028","2017-12-04",5389.290039
"2029","2017-12-05",5375.529785
"2030","2017-12-06",5374.350098
"2031","2017-12-07",5383.859863
"2032","2017-12-08",5399.089844
"2033","2017-12-11",5386.830078
"2034","2017-12-12",5427.189941
"2035","2017-12-13",5399.450195
"2036","2017-12-14",5357.140137
"2037","2017-12-15",5349.299805
"2038","2017-12-18",5420.580078
"2039","2017-12-19",5382.910156
"2040","2017-12-20",5352.77002
"2041","2017-12-21",5385.970215
"2042","2017-12-22",5364.720215
"2043","2017-12-27",5368.839844
"2044","2017-12-28",5339.419922
"2045","2017-12-29",5312.560059
"2046","2018-01-02",5288.600098
"2047","2018-01-03",5331.279785
"2048","2018-01-04",5413.689941
"2049","2018-01-05",5470.75
"2050","2018-01-08",5487.419922
"2051","2018-01-09",5523.939941
"2052","2018-01-10",5504.680176
"2053","2018-01-11",5488.549805
"2054","2018-01-12",5517.060059
"2055","2018-01-15",5509.689941
"2056","2018-01-16",5513.819824
"2057","2018-01-17",5493.990234
"2058","2018-01-18",5494.830078
"2059","2018-01-19",5526.509766
"2060","2018-01-22",5541.990234
"2061","2018-01-23",5535.259766
"2062","2018-01-24",5495.160156
"2063","2018-01-25",5481.209961
"2064","2018-01-26",5529.149902
"2065","2018-01-29",5521.589844
"2066","2018-01-30",5473.779785
"2067","2018-01-31",5481.930176
"2068","2018-02-01",5454.549805
"2069","2018-02-02",5364.97998
"2070","2018-02-05",5285.830078
"2071","2018-02-06",5161.810059
"2072","2018-02-07",5255.899902
"2073","2018-02-08",5151.680176
"2074","2018-02-09",5079.209961
"2075","2018-02-12",5140.060059
"2076","2018-02-13",5109.240234
"2077","2018-02-14",5165.259766
"2078","2018-02-15",5222.52002
"2079","2018-02-16",5281.580078
"2080","2018-02-19",5256.180176
"2081","2018-02-20",5289.859863
"2082","2018-02-21",5302.169922
"2083","2018-02-22",5309.22998
"2084","2018-02-23",5317.370117
"2085","2018-02-26",5344.259766
"2086","2018-02-27",5343.930176
"2087","2018-02-28",5320.490234
"2088","2018-03-01",5262.560059
"2089","2018-03-02",5136.580078
"2090","2018-03-05",5167.22998
"2091","2018-03-06",5170.22998
"2092","2018-03-07",5187.830078
"2093","2018-03-08",5254.100098
"2094","2018-03-09",5274.399902
"2095","2018-03-12",5276.709961
"2096","2018-03-13",5242.790039
"2097","2018-03-14",5233.359863
"2098","2018-03-15",5267.259766
"2099","2018-03-16",5282.75
"2100","2018-03-19",5222.839844
"2101","2018-03-20",5252.430176
"2102","2018-03-21",5239.740234
"2103","2018-03-22",5167.209961
"2104","2018-03-23",5095.220215
"2105","2018-03-26",5066.279785
"2106","2018-03-27",5115.740234
"2107","2018-03-28",5130.439941
"2108","2018-03-29",5167.299805
"2109","2018-04-03",5152.120117
"2110","2018-04-04",5141.799805
"2111","2018-04-05",5276.669922
"2112","2018-04-06",5258.240234
"2113","2018-04-09",5263.390137
"2114","2018-04-10",5307.560059
"2115","2018-04-11",5277.939941
"2116","2018-04-12",5309.220215
"2117","2018-04-13",5315.02002
"2118","2018-04-16",5312.959961
"2119","2018-04-17",5353.540039
"2120","2018-04-18",5380.169922
"2121","2018-04-19",5391.640137
"2122","2018-04-20",5412.830078
"2123","2018-04-23",5438.549805
"2124","2018-04-24",5444.160156
"2125","2018-04-25",5413.299805
"2126","2018-04-26",5453.580078
"2127","2018-04-27",5483.189941
"2128","2018-04-30",5520.5
"2129","2018-05-02",5529.220215
"2130","2018-05-03",5501.660156
"2131","2018-05-04",5516.049805
"2132","2018-05-07",5531.419922
"2133","2018-05-08",5521.930176
"2134","2018-05-09",5534.629883
"2135","2018-05-10",5545.950195
"2136","2018-05-11",5541.939941
"2137","2018-05-14",5540.680176
"2138","2018-05-15",5553.160156
"2139","2018-05-16",5567.540039
"2140","2018-05-17",5621.919922
"2141","2018-05-18",5614.509766
"2142","2018-05-21",5637.509766
"2143","2018-05-22",5640.100098
"2144","2018-05-23",5565.850098
"2145","2018-05-24",5548.450195
"2146","2018-05-25",5542.549805
"2147","2018-05-28",5508.930176
"2148","2018-05-29",5438.060059
"2149","2018-05-30",5427.350098
"2150","2018-05-31",5398.399902
"2151","2018-06-01",5465.529785
"2152","2018-06-04",5472.910156
"2153","2018-06-05",5460.950195
"2154","2018-06-06",5457.560059
"2155","2018-06-07",5448.359863
"2156","2018-06-08",5450.220215
"2157","2018-06-11",5473.910156
"2158","2018-06-12",5453.370117
"2159","2018-06-13",5452.72998
"2160","2018-06-14",5528.459961
"2161","2018-06-15",5501.879883
"2162","2018-06-18",5450.47998
"2163","2018-06-19",5390.629883
"2164","2018-06-20",5372.310059
"2165","2018-06-21",5316.009766
"2166","2018-06-22",5387.379883
"2167","2018-06-25",5283.859863
"2168","2018-06-26",5281.290039
"2169","2018-06-27",5327.200195
"2170","2018-06-28",5275.640137
"2171","2018-06-29",5323.529785
"2172","2018-07-02",5276.759766
"2173","2018-07-03",5316.77002
"2174","2018-07-04",5320.5
"2175","2018-07-05",5366.319824
"2176","2018-07-06",5375.77002
"2177","2018-07-09",5398.109863
"2178","2018-07-10",5434.359863
"2179","2018-07-11",5353.930176
"2180","2018-07-12",5405.899902
"2181","2018-07-13",5429.200195
"2182","2018-07-16",5409.430176
"2183","2018-07-17",5422.540039
"2184","2018-07-18",5447.439941
"2185","2018-07-19",5417.069824
"2186","2018-07-20",5398.319824
"2187","2018-07-23",5378.25
"2188","2018-07-24",5434.189941
"2189","2018-07-25",5426.410156
"2190","2018-07-26",5480.549805
"2191","2018-07-27",5511.759766
"2192","2018-07-30",5491.220215
"2193","2018-07-31",5511.299805
"2194","2018-08-01",5498.370117
"2195","2018-08-02",5460.97998
"2196","2018-08-03",5478.97998
"2197","2018-08-06",5477.180176
"2198","2018-08-07",5521.310059
"2199","2018-08-08",5501.899902
"2200","2018-08-09",5502.25
"2201","2018-08-10",5414.680176
"2202","2018-08-13",5412.319824
"2203","2018-08-14",5403.410156
"2204","2018-08-15",5305.220215
"2205","2018-08-16",5349.02002
"2206","2018-08-17",5344.930176
"2207","2018-08-20",5379.649902
"2208","2018-08-21",5408.600098
"2209","2018-08-22",5420.609863
"2210","2018-08-23",5419.330078
"2211","2018-08-24",5432.5
"2212","2018-08-27",5479.100098
"2213","2018-08-28",5484.990234
"2214","2018-08-29",5501.330078
"2215","2018-08-30",5478.060059
"2216","2018-08-31",5406.850098
"2217","2018-09-03",5413.799805
"2218","2018-09-04",5342.700195
"2219","2018-09-05",5260.220215
"2220","2018-09-06",5243.839844
"2221","2018-09-07",5252.220215
"2222","2018-09-10",5269.629883
"2223","2018-09-11",5283.790039
"2224","2018-09-12",5332.129883
"2225","2018-09-13",5328.120117
"2226","2018-09-14",5352.569824
"2227","2018-09-17",5348.870117
"2228","2018-09-18",5363.790039
"2229","2018-09-19",5393.740234
"2230","2018-09-20",5451.589844
"2231","2018-09-21",5494.169922
"2232","2018-09-24",5476.169922
"2233","2018-09-25",5479.100098
"2234","2018-09-26",5512.72998
"2235","2018-09-27",5540.410156
"2236","2018-09-28",5493.490234
"2237","2018-10-01",5506.819824
"2238","2018-10-02",5467.890137
"2239","2018-10-03",5491.399902
"2240","2018-10-04",5410.850098
"2241","2018-10-05",5359.359863
"2242","2018-10-08",5300.25
"2243","2018-10-09",5318.549805
"2244","2018-10-10",5206.220215
"2245","2018-10-11",5106.370117
"2246","2018-10-12",5095.97998
"2247","2018-10-15",5095.069824
"2248","2018-10-16",5173.049805
"2249","2018-10-17",5144.950195
"2250","2018-10-18",5116.790039
"2251","2018-10-19",5084.660156
"2252","2018-10-22",5053.310059
"2253","2018-10-23",4967.689941
"2254","2018-10-24",4953.089844
"2255","2018-10-25",5032.299805
"2256","2018-10-26",4967.370117
"2257","2018-10-29",4989.350098
"2258","2018-10-30",4978.529785
"2259","2018-10-31",5093.439941
"2260","2018-11-01",5085.779785
"2261","2018-11-02",5102.129883
"2262","2018-11-05",5101.390137
"2263","2018-11-06",5075.189941
"2264","2018-11-07",5137.939941
"2265","2018-11-08",5131.450195
"2266","2018-11-09",5106.75
"2267","2018-11-12",5059.089844
"2268","2018-11-13",5101.850098
"2269","2018-11-14",5068.850098
"2270","2018-11-15",5033.620117
"2271","2018-11-16",5025.200195
"2272","2018-11-19",4985.450195
"2273","2018-11-20",4924.890137
"2274","2018-11-21",4975.5
"2275","2018-11-22",4938.140137
"2276","2018-11-23",4946.950195
"2277","2018-11-26",4994.97998
"2278","2018-11-27",4983.149902
"2279","2018-11-28",4983.240234
"2280","2018-11-29",5006.25
"2281","2018-11-30",5003.919922
"2282","2018-12-03",5053.97998
"2283","2018-12-04",5012.660156
"2284","2018-12-05",4944.370117
"2285","2018-12-06",4780.459961
"2286","2018-12-07",4813.129883
"2287","2018-12-10",4742.379883
"2288","2018-12-11",4806.200195
"2289","2018-12-12",4909.450195
"2290","2018-12-13",4896.919922
"2291","2018-12-14",4853.700195
"2292","2018-12-17",4799.870117
"2293","2018-12-18",4754.080078
"2294","2018-12-19",4777.450195
"2295","2018-12-20",4692.459961
"2296","2018-12-21",4694.379883
"2297","2018-12-24",4626.390137
"2298","2018-12-27",4598.609863
"2299","2018-12-28",4678.740234
"2300","2018-12-31",4730.689941
"2301","2019-01-02",4689.390137
"2302","2019-01-03",4611.490234
"2303","2019-01-04",4737.120117
"2304","2019-01-07",4719.169922
"2305","2019-01-08",4773.27002
"2306","2019-01-09",4813.580078
"2307","2019-01-10",4805.660156
"2308","2019-01-11",4781.339844
"2309","2019-01-14",4762.75
"2310","2019-01-15",4786.169922
"2311","2019-01-16",4810.740234
"2312","2019-01-17",4794.370117
"2313","2019-01-18",4875.930176
"2314","2019-01-21",4867.779785
"2315","2019-01-22",4847.529785
"2316","2019-01-23",4840.379883
"2317","2019-01-24",4871.959961
"2318","2019-01-25",4925.819824
"2319","2019-01-28",4888.580078
"2320","2019-01-29",4928.180176
"2321","2019-01-30",4974.759766
"2322","2019-01-31",4992.720215
"2323","2019-02-01",5019.259766
"2324","2019-02-04",5000.189941
"2325","2019-02-05",5083.339844
"2326","2019-02-06",5079.049805
"2327","2019-02-07",4985.560059
"2328","2019-02-08",4961.640137
"2329","2019-02-11",5014.470215
"2330","2019-02-12",5056.350098
"2331","2019-02-13",5074.27002
"2332","2019-02-14",5062.52002
"2333","2019-02-15",5153.189941
"2334","2019-02-18",5168.540039
"2335","2019-02-19",5160.52002
"2336","2019-02-20",5195.950195
"2337","2019-02-21",5196.109863
"2338","2019-02-22",5215.850098
"2339","2019-02-25",5231.850098
"2340","2019-02-26",5238.720215
"2341","2019-02-27",5225.350098
"2342","2019-02-28",5240.529785
"2343","2019-03-01",5265.189941
"2344","2019-03-04",5286.569824
"2345","2019-03-05",5297.52002
"2346","2019-03-06",5288.810059
"2347","2019-03-07",5267.919922
"2348","2019-03-08",5231.220215
"2349","2019-03-11",5265.959961
"2350","2019-03-12",5270.25
"2351","2019-03-13",5306.379883
"2352","2019-03-14",5349.779785
"2353","2019-03-15",5405.319824
"2354","2019-03-18",5412.830078
"2355","2019-03-19",5425.899902
"2356","2019-03-20",5382.660156
"2357","2019-03-21",5378.850098
"2358","2019-03-22",5269.919922
"2359","2019-03-25",5260.640137
"2360","2019-03-26",5307.379883
"2361","2019-03-27",5301.240234
"2362","2019-03-28",5296.540039
"2363","2019-03-29",5350.529785
"2364","2019-04-01",5405.529785
"2365","2019-04-02",5423.470215
"2366","2019-04-03",5468.910156
"2367","2019-04-04",5463.799805
"2368","2019-04-05",5476.200195
"2369","2019-04-08",5471.779785
"2370","2019-04-09",5436.419922
"2371","2019-04-10",5449.879883
"2372","2019-04-11",5485.720215
"2373","2019-04-12",5502.700195
"2374","2019-04-15",5508.72998
"2375","2019-04-16",5528.669922
"2376","2019-04-17",5563.089844
"2377","2019-04-18",5580.379883
"2378","2019-04-23",5591.689941
"2379","2019-04-24",5576.060059
"2380","2019-04-25",5557.669922
"2381","2019-04-26",5569.359863
"2382","2019-04-29",5580.97998
"2383","2019-04-30",5586.410156
"2384","2019-05-02",5538.859863
"2385","2019-05-03",5548.839844
"2386","2019-05-06",5483.52002
"2387","2019-05-07",5395.75
"2388","2019-05-08",5417.589844
"2389","2019-05-09",5313.160156
"2390","2019-05-10",5327.439941
"2391","2019-05-13",5262.569824
"2392","2019-05-14",5341.350098
"2393","2019-05-15",5374.259766
"2394","2019-05-16",5448.109863
"2395","2019-05-17",5438.22998
"2396","2019-05-20",5358.589844
"2397","2019-05-21",5385.459961
"2398","2019-05-22",5378.97998
"2399","2019-05-23",5281.370117
"2400","2019-05-24",5316.509766
"2401","2019-05-27",5336.189941
"2402","2019-05-28",5312.689941
"2403","2019-05-29",5222.120117
"2404","2019-05-30",5248.910156
"2405","2019-05-31",5207.629883
"2406","2019-06-03",5241.459961
"2407","2019-06-04",5268.259766
"2408","2019-06-05",5292
"2409","2019-06-06",5278.430176
"2410","2019-06-07",5364.049805
"2411","2019-06-10",5382.5
"2412","2019-06-11",5408.450195
"2413","2019-06-12",5374.919922
"2414","2019-06-13",5375.629883
"2415","2019-06-14",5367.620117
"2416","2019-06-17",5390.950195
"2417","2019-06-18",5509.72998
"2418","2019-06-19",5518.450195
"2419","2019-06-20",5535.569824
"2420","2019-06-21",5528.330078
"2421","2019-06-24",5521.709961
"2422","2019-06-25",5514.569824
"2423","2019-06-26",5500.720215
"2424","2019-06-27",5493.609863
"2425","2019-06-28",5538.970215
"2426","2019-07-01",5567.910156
"2427","2019-07-02",5576.819824
"2428","2019-07-03",5618.810059
"2429","2019-07-04",5620.72998
"2430","2019-07-05",5593.720215
"2431","2019-07-08",5589.189941
"2432","2019-07-09",5572.100098
"2433","2019-07-10",5567.589844
"2434","2019-07-11",5551.950195
"2435","2019-07-12",5572.859863
"2436","2019-07-15",5578.209961
"2437","2019-07-16",5614.379883
"2438","2019-07-17",5571.709961
"2439","2019-07-18",5550.549805
"2440","2019-07-19",5552.339844
"2441","2019-07-22",5567.02002
"2442","2019-07-23",5618.160156
"2443","2019-07-24",5605.870117
"2444","2019-07-25",5578.049805
"2445","2019-07-26",5610.049805
"2446","2019-07-29",5601.100098
"2447","2019-07-30",5511.069824
"2448","2019-07-31",5518.899902
"2449","2019-08-01",5557.410156
"2450","2019-08-02",5359
"2451","2019-08-05",5241.549805
"2452","2019-08-06",5234.649902
"2453","2019-08-07",5266.509766
"2454","2019-08-08",5387.959961
"2455","2019-08-09",5327.919922
"2456","2019-08-12",5310.310059
"2457","2019-08-13",5363.069824
"2458","2019-08-14",5251.299805
"2459","2019-08-15",5236.930176
"2460","2019-08-16",5300.790039
"2461","2019-08-19",5371.560059
"2462","2019-08-20",5344.640137
"2463","2019-08-21",5435.47998
"2464","2019-08-22",5388.25
"2465","2019-08-23",5326.870117
"2466","2019-08-26",5351.02002
"2467","2019-08-27",5387.089844
"2468","2019-08-28",5368.799805
"2469","2019-08-29",5449.970215
"2470","2019-08-30",5480.47998
"2471","2019-09-02",5493.040039
"2472","2019-09-03",5466.069824
"2473","2019-09-04",5532.069824
"2474","2019-09-05",5593.370117
"2475","2019-09-06",5603.990234
"2476","2019-09-09",5588.950195
"2477","2019-09-10",5593.209961
"2478","2019-09-11",5618.060059
"2479","2019-09-12",5642.859863
"2480","2019-09-13",5655.459961
"2481","2019-09-16",5602.22998
"2482","2019-09-17",5615.509766
"2483","2019-09-18",5620.649902
"2484","2019-09-19",5659.080078
"2485","2019-09-20",5690.779785
"2486","2019-09-23",5630.759766
"2487","2019-09-24",5628.330078
"2488","2019-09-25",5583.799805
"2489","2019-09-26",5620.569824
"2490","2019-09-27",5640.580078
"2491","2019-09-30",5677.790039
"2492","2019-10-01",5597.629883
"2493","2019-10-02",5422.77002
"2494","2019-10-03",5438.77002
"2495","2019-10-04",5488.319824
"2496","2019-10-07",5521.609863
"2497","2019-10-08",5456.620117
"2498","2019-10-09",5499.140137
"2499","2019-10-10",5569.049805
"2500","2019-10-11",5665.47998
"2501","2019-10-14",5643.080078
"2502","2019-10-15",5702.049805
"2503","2019-10-16",5696.899902
"2504","2019-10-17",5673.069824
"2505","2019-10-18",5636.25
"2506","2019-10-21",5648.350098
"2507","2019-10-22",5657.689941
"2508","2019-10-23",5653.439941
"2509","2019-10-24",5684.330078
"2510","2019-10-25",5722.149902
"2511","2019-10-28",5730.569824
"2512","2019-10-29",5740.140137
"2513","2019-10-30",5765.870117
"2514","2019-10-31",5729.859863
"2515","2019-11-01",5761.890137
"2516","2019-11-04",5824.299805
"2517","2019-11-05",5846.890137
"2518","2019-11-06",5866.740234
"2519","2019-11-07",5890.990234
"2520","2019-11-08",5889.700195
"2521","2019-11-11",5893.819824
"2522","2019-11-12",5919.75
"2523","2019-11-13",5907.089844
"2524","2019-11-14",5901.080078
"2525","2019-11-15",5939.27002
"2526","2019-11-18",5929.790039
"2527","2019-11-19",5909.049805
"2528","2019-11-20",5894.029785
"2529","2019-11-21",5881.209961
"2530","2019-11-22",5893.129883
"2531","2019-11-25",5924.859863
"2532","2019-11-26",5929.620117
"2533","2019-11-27",5926.839844
"2534","2019-11-28",5912.720215
"2535","2019-11-29",5905.169922
"2536","2019-12-02",5786.740234
"2537","2019-12-03",5727.220215
"2538","2019-12-04",5799.680176
"2539","2019-12-05",5801.549805
"2540","2019-12-06",5871.910156
"2541","2019-12-09",5837.25
"2542","2019-12-10",5848.029785
"2543","2019-12-11",5860.879883
"2544","2019-12-12",5884.259766
"2545","2019-12-13",5919.02002
"2546","2019-12-16",5991.660156
"2547","2019-12-17",5968.259766
"2548","2019-12-18",5959.600098
"2549","2019-12-19",5972.279785
"2550","2019-12-20",6021.529785
"2551","2019-12-23",6029.370117
"2552","2019-12-24",6029.549805
"2553","2019-12-25",NA
"2554","2019-12-27",6037.390137
"2555","2019-12-30",5982.220215
"2556","2019-12-31",5978.060059
"2557","2020-01-02",6041.5
"2558","2020-01-03",6044.160156
"2559","2020-01-06",6013.589844
"2560","2020-01-07",6012.350098
"2561","2020-01-08",6031
"2562","2020-01-09",6042.549805
"2563","2020-01-10",6037.109863
"2564","2020-01-13",6036.140137
"2565","2020-01-14",6040.890137
"2566","2020-01-15",6032.609863
"2567","2020-01-16",6039.029785
"2568","2020-01-17",6100.720215
"2569","2020-01-20",6078.540039
"2570","2020-01-21",6045.990234
"2571","2020-01-22",6010.97998
"2572","2020-01-23",5971.790039
"2573","2020-01-24",6024.259766
"2574","2020-01-27",5863.02002
"2575","2020-01-28",5925.819824
"2576","2020-01-29",5954.890137
"2577","2020-01-30",5871.77002
"2578","2020-01-31",5806.339844
"2579","2020-02-03",5832.509766
"2580","2020-02-04",5935.049805
"2581","2020-02-05",5985.399902
"2582","2020-02-06",6038.180176
"2583","2020-02-07",6029.75
"2584","2020-02-10",6015.669922
"2585","2020-02-11",6054.759766
"2586","2020-02-12",6104.72998
"2587","2020-02-13",6093.140137
"2588","2020-02-14",6069.350098
"2589","2020-02-17",6085.950195
"2590","2020-02-18",6056.819824
"2591","2020-02-19",6111.240234
"2592","2020-02-20",6062.299805
"2593","2020-02-21",6029.720215
"2594","2020-02-24",5791.870117
"2595","2020-02-25",5679.680176
"2596","2020-02-26",5684.549805
"2597","2020-02-27",5495.600098
"2598","2020-02-28",5309.899902
"2599","2020-03-02",5333.52002
"2600","2020-03-03",5393.169922
"2601","2020-03-04",5464.890137
"2602","2020-03-05",5361.100098
"2603","2020-03-06",5139.109863
"2604","2020-03-09",4707.910156
"2605","2020-03-10",4636.609863
"2606","2020-03-11",4610.25
"2607","2020-03-12",4044.26001
"2608","2020-03-13",4118.359863
"2609","2020-03-16",3881.459961
"2610","2020-03-17",3991.780029
"2611","2020-03-18",3754.840088
"2612","2020-03-19",3855.5
"2613","2020-03-20",4048.800049
"2614","2020-03-23",3914.310059
"2615","2020-03-24",4242.700195
"2616","2020-03-25",4432.299805
"2617","2020-03-26",4543.580078
"2618","2020-03-27",4351.490234
"2619","2020-03-30",4378.509766
"2620","2020-03-31",4396.120117
"2621","2020-04-01",4207.240234
"2622","2020-04-02",4220.959961
"2623","2020-04-03",4154.580078
"2624","2020-04-06",4346.140137
"2625","2020-04-07",4438.27002
"2626","2020-04-08",4442.75
"2627","2020-04-09",4506.850098
"2628","2020-04-14",4523.910156
"2629","2020-04-15",4353.720215
"2630","2020-04-16",4350.160156
"2631","2020-04-17",4499.009766
"2632","2020-04-20",4528.299805
"2633","2020-04-21",4357.459961
"2634","2020-04-22",4411.799805
"2635","2020-04-23",4451
"2636","2020-04-24",4393.319824
"2637","2020-04-27",4505.259766
"2638","2020-04-28",4569.790039
"2639","2020-04-29",4671.109863
"2640","2020-04-30",4572.180176
"2641","2020-05-04",4378.22998
"2642","2020-05-05",4483.129883
"2643","2020-05-06",4433.379883
"2644","2020-05-07",4501.439941
"2645","2020-05-08",4549.640137
"2646","2020-05-11",4490.220215
"2647","2020-05-12",4472.5
"2648","2020-05-13",4344.950195
"2649","2020-05-14",4273.129883
"2650","2020-05-15",4277.629883
"2651","2020-05-18",4498.339844
"2652","2020-05-19",4458.160156
"2653","2020-05-20",4496.97998
"2654","2020-05-21",4445.450195
"2655","2020-05-22",4444.560059
"2656","2020-05-25",4539.910156
"2657","2020-05-26",4606.240234
"2658","2020-05-27",4688.740234
"2659","2020-05-28",4771.390137
"2660","2020-05-29",4695.439941
"2661","2020-06-01",4762.779785
"2662","2020-06-02",4858.970215
"2663","2020-06-03",5022.379883
"2664","2020-06-04",5011.97998
"2665","2020-06-05",5197.790039
"2666","2020-06-08",5175.52002
"2667","2020-06-09",5095.109863
"2668","2020-06-10",5053.419922
"2669","2020-06-11",4815.600098
"2670","2020-06-12",4839.259766
"2671","2020-06-15",4815.720215
"2672","2020-06-16",4952.459961
"2673","2020-06-17",4995.970215
"2674","2020-06-18",4958.75
"2675","2020-06-19",4979.450195
"2676","2020-06-22",4948.700195
"2677","2020-06-23",5017.680176
"2678","2020-06-24",4871.359863
"2679","2020-06-25",4918.580078
"2680","2020-06-26",4909.640137
"2681","2020-06-29",4945.459961
"2682","2020-06-30",4935.990234
"2683","2020-07-01",4926.939941
"2684","2020-07-02",5049.379883
"2685","2020-07-03",5007.140137
"2686","2020-07-06",5081.509766
"2687","2020-07-07",5043.72998
"2688","2020-07-08",4981.129883
"2689","2020-07-09",4921.009766
"2690","2020-07-10",4970.47998
"2691","2020-07-13",5056.22998
"2692","2020-07-14",5007.459961
"2693","2020-07-15",5108.97998
"2694","2020-07-16",5085.279785
"2695","2020-07-17",5069.419922
"2696","2020-07-20",5093.180176
"2697","2020-07-21",5104.279785
"2698","2020-07-22",5037.120117
"2699","2020-07-23",5033.759766
"2700","2020-07-24",4956.430176
"2701","2020-07-27",4939.620117
"2702","2020-07-28",4928.939941
"2703","2020-07-29",4958.740234
"2704","2020-07-30",4852.939941
"2705","2020-07-31",4783.689941
"2706","2020-08-03",4875.930176
"2707","2020-08-04",4889.52002
"2708","2020-08-05",4933.339844
"2709","2020-08-06",4885.129883
"2710","2020-08-07",4889.52002
"2711","2020-08-10",4909.509766
"2712","2020-08-11",5027.990234
"2713","2020-08-12",5073.310059
"2714","2020-08-13",5042.379883
"2715","2020-08-14",4962.930176
"2716","2020-08-17",4971.939941
"2717","2020-08-18",4938.060059
"2718","2020-08-19",4977.22998
"2719","2020-08-20",4911.240234
"2720","2020-08-21",4896.330078
"2721","2020-08-24",5007.890137
"2722","2020-08-25",5008.27002
"2723","2020-08-26",5048.430176
"2724","2020-08-27",5015.970215
"2725","2020-08-28",5002.939941
"2726","2020-08-31",4947.220215
"2727","2020-09-01",4938.100098
"2728","2020-09-02",5031.740234
"2729","2020-09-03",5009.52002
"2730","2020-09-04",4965.069824
"2731","2020-09-07",5053.720215
"2732","2020-09-08",4973.52002
"2733","2020-09-09",5042.97998
"2734","2020-09-10",5023.930176
"2735","2020-09-11",5034.140137
"2736","2020-09-14",5051.879883
"2737","2020-09-15",5067.930176
"2738","2020-09-16",5074.419922
"2739","2020-09-17",5039.5
"2740","2020-09-18",4978.180176
"2741","2020-09-21",4792.040039
"2742","2020-09-22",4772.839844
"2743","2020-09-23",4802.259766
"2744","2020-09-24",4762.620117
"2745","2020-09-25",4729.660156
"2746","2020-09-28",4843.27002
"2747","2020-09-29",4832.069824
"2748","2020-09-30",4803.439941
"2749","2020-10-01",4824.040039
"2750","2020-10-02",4824.879883
"2751","2020-10-05",4871.870117
"2752","2020-10-06",4895.459961
"2753","2020-10-07",4882
"2754","2020-10-08",4911.939941
"2755","2020-10-09",4946.810059
"2756","2020-10-12",4979.290039
"2757","2020-10-13",4947.609863
"2758","2020-10-14",4941.660156
"2759","2020-10-15",4837.419922
"2760","2020-10-16",4935.859863
"2761","2020-10-19",4942.620117
"2762","2020-10-20",4929.279785
"2763","2020-10-21",4853.950195
"2764","2020-10-22",4851.379883
"2765","2020-10-23",4909.640137
"2766","2020-10-26",4816.120117
"2767","2020-10-27",4730.660156
"2768","2020-10-28",4571.120117
"2769","2020-10-29",4569.669922
"2770","2020-10-30",4594.240234
"2771","2020-11-02",4691.140137
"2772","2020-11-03",4805.609863
"2773","2020-11-04",4922.850098
"2774","2020-11-05",4983.990234
"2775","2020-11-06",4960.879883
"2776","2020-11-09",5336.319824
"2777","2020-11-10",5418.970215
"2778","2020-11-11",5445.209961
"2779","2020-11-12",5362.569824
"2780","2020-11-13",5380.160156
"2781","2020-11-16",5471.47998
"2782","2020-11-17",5483
"2783","2020-11-18",5511.450195
"2784","2020-11-19",5474.660156
"2785","2020-11-20",5495.890137
"2786","2020-11-23",5492.149902
"2787","2020-11-24",5558.419922
"2788","2020-11-25",5571.290039
"2789","2020-11-26",5566.790039
"2790","2020-11-27",5598.180176
"2791","2020-11-30",5518.549805
"2792","2020-12-01",5581.640137
"2793","2020-12-02",5583.009766
"2794","2020-12-03",5574.359863
"2795","2020-12-04",5609.149902
"2796","2020-12-07",5573.379883
"2797","2020-12-08",5560.669922
"2798","2020-12-09",5546.819824
"2799","2020-12-10",5549.649902
"2800","2020-12-11",5507.549805
"2801","2020-12-14",5527.839844
"2802","2020-12-15",5530.310059
"2803","2020-12-16",5547.680176
"2804","2020-12-17",5549.459961
"2805","2020-12-18",5527.839844
"2806","2020-12-21",5393.339844
"2807","2020-12-22",5466.859863
"2808","2020-12-23",5527.589844
"2809","2020-12-24",5522.009766
"2810","2020-12-28",5588.379883
"2811","2020-12-29",5611.790039
"2812","2020-12-30",5599.410156
"2813","2020-12-31",5551.410156
